Aaderik,10
Aagott,10
Aahmer,10
Aahmerink,10
Aalink,10
Aalman,10
Aalreus,10
Aamas,10
Aamelink,10
Aammel,10
Aammelink,10
Aanald,10
Aanne,10
Aapasman,10
Aapper,10
Aarend,10
Aarik,10
Aarikke,10
Aark,10
Aas,10
Aasgod,10
Aasse,10
Aaterman,10
Aavink,10
Aazerman,10
Aazink,10
Achter,10
Aderik,10
Agott,10
Ahmer,10
Ahmerink,10
Alink,10
Alman,10
Alreus,10
Amas,10
Amelink,10
Ammel,10
Ammelink,10
Anald,10
Anne,10
Apasman,10
Apper,10
Arend,10
Arik,10
Arikke,10
Ark,10
Asgod,10
Asse,10
Aterman,10
Avink,10
Azerman,10
Azink,10
Bado,10
Bador,10
Bahmer,10
Bakker,10
Bakkerman,10
Baler,10
Baling,10
Balink,10
Balker,10
Balkman,10
Balo,10
Balreus,10
Bam,10
Bamaszoon,10
Bamelink,10
Baming,10
Ban,10
Banneman,10
Bapper,10
Bapperman,10
Bareuze,10
Bart,10
Bas,10
Baser,10
Baserman,10
Basma,10
Basman,10
Bast,10
Baster,10
Baterman,10
Bator,10
Bavink,10
Bazerman,10
Bedo,10
Bedomas,10
Beedo,10
Beedomas,10
Beedor,10
Beehmer,10
Beeler,10
Beeling,10
Beelink,10
Beelker,10
Beelkman,10
Beelo,10
Beelreus,10
Beem,10
Beemaszoon,10
Beemelink,10
Been,10
Beenk,10
Beereuze,10
Beert,10
Bees,10
Beeser,10
Beeserman,10
Beesma,10
Beesman,10
Beest,10
Beester,10
Beet,10
Beeterman,10
Beetor,10
Beevink,10
Beezerman,10
Behmer,10
Bekker,10
Bekkerman,10
Beler,10
Beling,10
Belink,10
Belker,10
Belo,10
Belreus,10
Bem,10
Bemaszoon,10
Bemelink,10
Ben,10
Benk,10
Benneman,10
Bepper,10
Bepperman,10
Bereuze,10
Bert,10
Bes,10
Beserman,10
Besma,10
Besman,10
Best,10
Bester,10
Bet,10
Beterman,10
Betor,10
Bevink,10
Bezerman,10
Bjodo,10
Bjodomas,10
Bjodor,10
Bjohmer,10
Bjokker,10
Bjoler,10
Bjoling,10
Bjolink,10
Bjolker,10
Bjolkman,10
Bjolo,10
Bjolreus,10
Bjomaszoon,10
Bjomelink,10
Bjoming,10
Bjon,10
Bjonk,10
Bjonneman,10
Bjopper,10
Bjopperman,10
Bjoreuze,10
Bjort,10
Bjos,10
Bjoser,10
Bjoserman,10
Bjosma,10
Bjosman,10
Bjost,10
Bjoster,10
Bjot,10
Bjoterman,10
Bjotor,10
Bjovink,10
Bjozerman,10
Blado,10
Bladomas,10
Blador,10
Blahmer,10
Blakker,10
Blakkerman,10
Blaler,10
Blaling,10
Blalink,10
Blalker,10
Blalkman,10
Blalo,10
Blalreus,10
Blam,10
Blamaszoon,10
Blamelink,10
Blaming,10
Blan,10
Blank,10
Blanneman,10
Blapper,10
Blapperman,10
Blareuze,10
Blart,10
Blas,10
Blaser,10
Blaserman,10
Blasma,10
Blasman,10
Blast,10
Blaster,10
Blat,10
Blaterman,10
Blator,10
Blavink,10
Blazerman,10
Bledo,10
Bledomas,10
Bledor,10
Bleedo,10
Bleedomas,10
Bleedor,10
Bleehmer,10
Bleeler,10
Bleeling,10
Bleelker,10
Bleelkman,10
Bleelo,10
Bleem,10
Bleemaszoon,10
Bleemelink,10
Bleeming,10
Bleen,10
Bleenk,10
Bleereuze,10
Bleert,10
Blees,10
Bleeser,10
Bleesma,10
Bleest,10
Bleester,10
Bleet,10
Bleeterman,10
Bleetor,10
Bleevink,10
Bleezerman,10
Blekker,10
Blekkerman,10
Blem,10
Blemaszoon,10
Blemelink,10
Bleming,10
Blen,10
Blenk,10
Blenneman,10
Blepper,10
Blepperman,10
Blereuze,10
Blert,10
Bles,10
Bleser,10
Bleserman,10
Blesma,10
Blesman,10
Blest,10
Blester,10
Blet,10
Bleterman,10
Bletor,10
Blevink,10
Blezerman,10
Blodo,10
Blodomas,10
Blodor,10
Bloedo,10
Bloedomas,10
Bloedor,10
Bloehmer,10
Bloekker,10
Bloekkerman,10
Bloeler,10
Bloeling,10
Bloelink,10
Bloelker,10
Bloelkman,10
Bloelo,10
Bloelreus,10
Bloem,10
Bloemelink,10
Bloeming,10
Bloen,10
Bloenk,10
Bloenneman,10
Bloepper,10
Bloepperman,10
Bloert,10
Bloes,10
Bloeser,10
Bloeserman,10
Bloesma,10
Bloesman,10
Bloest,10
Bloet,10
Bloeterman,10
Bloevink,10
Bloezerman,10
Blohmer,10
Blokker,10
Blokkerman,10
Bloler,10
Bloling,10
Blolink,10
Blolker,10
Blolkman,10
Blolo,10
Blolreus,10
Blom,10
Blomaszoon,10
Blomelink,10
Bloming,10
Blon,10
Blopper,10
Blopperman,10
Bloreuze,10
Blort,10
Blos,10
Bloser,10
Blosma,10
Blosman,10
Blost,10
Bloster,10
Blot,10
Bloterman,10
Blotor,10
Blovink,10
Blozerman,10
Bludo,10
Bludor,10
Bluhmer,10
Blukker,10
Blukkerman,10
Blum,10
Blumaszoon,10
Blumelink,10
Bluming,10
Blun,10
Blunk,10
Blunneman,10
Blupper,10
Blupperman,10
Blureuze,10
Blurt,10
Blus,10
Bluser,10
Bluserman,10
Blusma,10
Blusman,10
Blust,10
Bluster,10
Blut,10
Bluterman,10
Bluudo,10
Bluudomas,10
Bluudor,10
Bluuhmer,10
Bluum,10
Bluumaszoon,10
Bluumelink,10
Bluuming,10
Bluun,10
Bluunk,10
Bluureuze,10
Bluurt,10
Bluuser,10
Bluuserman,10
Bluusma,10
Bluusman,10
Bluust,10
Bluuster,10
Bluut,10
Bluuterman,10
Bluutor,10
Bluuvink,10
Bluuzerman,10
Bluvink,10
Bluzerman,10
Bodo,10
Bodomas,10
Bodor,10
Boedo,10
Boedor,10
Boehmer,10
Boekker,10
Boeler,10
Boeling,10
Boelink,10
Boelker,10
Boelkman,10
Boelo,10
Boelreus,10
Boem,10
Boemaszoon,10
Boemelink,10
Boeming,10
Boen,10
Boenk,10
Boepper,10
Boepperman,10
Boereuze,10
Boert,10
Boes,10
Boeser,10
Boeserman,10
Boesma,10
Boesman,10
Boest,10
Boester,10
Boet,10
Boeterman,10
Boevink,10
Boezerman,10
Bohmer,10
Bokker,10
Bokkerman,10
Boler,10
Boling,10
Bolink,10
Bolker,10
Bolkman,10
Bolo,10
Bolreus,10
Bom,10
Bomaszoon,10
Bomelink,10
Boming,10
Bon,10
Bonk,10
Bonneman,10
Bopper,10
Boreuze,10
Bort,10
Bos,10
Boser,10
Boserman,10
Bosma,10
Bosman,10
Bost,10
Boterman,10
Botor,10
Bovink,10
Bozerman,10
Brado,10
Bradomas,10
Brador,10
Brahmer,10
Brakker,10
Brakkerman,10
Braler,10
Braling,10
Bralker,10
Bralkman,10
Bralo,10
Bralreus,10
Bram,10
Bramaszoon,10
Bramelink,10
Braming,10
Bran,10
Brank,10
Branneman,10
Brapper,10
Brapperman,10
Bras,10
Braser,10
Braserman,10
Brasma,10
Brasman,10
Brast,10
Braster,10
Brat,10
Braterman,10
Brator,10
Bravink,10
Brazerman,10
Bredomas,10
Bredor,10
Breedo,10
Breedor,10
Breehmer,10
Breeler,10
Breelink,10
Breelker,10
Breelkman,10
Breelo,10
Breelreus,10
Breem,10
Breemaszoon,10
Breemelink,10
Breeming,10
Breen,10
Breenk,10
Brees,10
Breeserman,10
Breesma,10
Breesman,10
Breest,10
Breester,10
Breet,10
Breeterman,10
Breetor,10
Breevink,10
Breezerman,10
Brehmer,10
Brekker,10
Brekkerman,10
Breler,10
Breling,10
Brelink,10
Brelker,10
Brelo,10
Brelreus,10
Brem,10
Bremaszoon,10
Bremelink,10
Breming,10
Bren,10
Brenk,10
Brenneman,10
Brepper,10
Brepperman,10
Bres,10
Breserman,10
Bresma,10
Bresman,10
Brest,10
Brester,10
Bret,10
Breterman,10
Bretor,10
Brevink,10
Brezerman,10
Brodo,10
Brodomas,10
Brodor,10
Broedo,10
Broedomas,10
Broedor,10
Broehmer,10
Broekker,10
Broekkerman,10
Broeler,10
Broeling,10
Broelink,10
Broelker,10
Broelkman,10
Broelo,10
Broelreus,10
Broem,10
Broemaszoon,10
Broemelink,10
Broeming,10
Broen,10
Broenk,10
Broepper,10
Broes,10
Broeser,10
Broeserman,10
Broesma,10
Broesman,10
Broest,10
Broester,10
Broet,10
Broeterman,10
Broetor,10
Broevink,10
Broezerman,10
Brohmer,10
Brokker,10
Brokkerman,10
Broler,10
Broling,10
Brolink,10
Brolker,10
Brolkman,10
Brolo,10
Brom,10
Bromaszoon,10
Bromelink,10
Broming,10
Bron,10
Bronneman,10
Bropper,10
Bropperman,10
Bros,10
Broser,10
Broserman,10
Brosma,10
Brosman,10
Brost,10
Broster,10
Brot,10
Broterman,10
Brotor,10
Brovink,10
Brozerman,10
Brudo,10
Brudomas,10
Brudor,10
Bruhmer,10
Brukker,10
Brukkerman,10
Bruler,10
Bruling,10
Brulker,10
Brulkman,10
Brulo,10
Brulreus,10
Brum,10
Brumaszoon,10
Brumelink,10
Brunk,10
Brunneman,10
Brupper,10
Brupperman,10
Brus,10
Bruser,10
Bruserman,10
Brusma,10
Brusman,10
Brust,10
Bruster,10
Brut,10
Bruterman,10
Brutor,10
Bruvink,10
Bruzerman,10
Budomas,10
Budor,10
Buhmer,10
Bukker,10
Bukkerman,10
Buler,10
Buling,10
Bulink,10
Bulker,10
Bulo,10
Bulreus,10
Bum,10
Bumaszoon,10
Bumelink,10
Buming,10
Bun,10
Bunk,10
Bunneman,10
Bupper,10
Bupperman,10
Bureuze,10
Burt,10
Bus,10
Buser,10
Buserman,10
Busma,10
Busman,10
Bust,10
Buster,10
But,10
Buterman,10
Butor,10
Buudo,10
Buudomas,10
Buudor,10
Buuhmer,10
Buuler,10
Buuling,10
Buulink,10
Buulker,10
Buulkman,10
Buulo,10
Buulreus,10
Buum,10
Buumaszoon,10
Buumelink,10
Buuming,10
Buun,10
Buunk,10
Buus,10
Buuser,10
Buusma,10
Buusman,10
Buust,10
Buuster,10
Buuterman,10
Buutor,10
Buuvink,10
Buuzerman,10
Buvink,10
Buzerman,10
Daaderik,10
Daagott,10
Daahmerink,10
Daalink,10
Daalman,10
Daalreus,10
Daamelink,10
Daanald,10
Daapasman,10
Daarend,10
Daarik,10
Daarikke,10
Daas,10
Daasgod,10
Daaterman,10
Daavink,10
Daazerman,10
Daazink,10
Dachter,10
Daderik,10
Dagott,10
Dahmer,10
Dahmerink,10
Dalink,10
Dalman,10
Dalreus,10
Damas,10
Damelink,10
Dammel,10
Dammelink,10
Danald,10
Danne,10
Dapasman,10
Dapper,10
Darik,10
Dark,10
Das,10
Dasgod,10
Dasse,10
Daterman,10
Davink,10
Dazerman,10
Dazink,10
Dechter,10
Dederik,10
Deederik,10
Deegott,10
Deehmer,10
Deehmerink,10
Deelink,10
Deelman,10
Deelreus,10
Deemas,10
Deemelink,10
Deenald,10
Deepasman,10
Deerend,10
Deerik,10
Deerikke,10
Deerk,10
Dees,10
Deesgod,10
Deeterman,10
Deevink,10
Deezerman,10
Deezink,10
Degott,10
Dehmer,10
Deiderik,10
Deigott,10
Deihmer,10
Deihmerink,10
Deilink,10
Deilman,10
Deilreus,10
Deimas,10
Deimmel,10
Deimmelink,10
Deinne,10
Deipasman,10
Deipper,10
Deirend,10
Deirik,10
Deirikke,10
Deirk,10
Deis,10
Deisgod,10
Deisse,10
Deiterman,10
Deivink,10
Deizerman,10
Deizink,10
Delink,10
Delman,10
Delreus,10
Demas,10
Demelink,10
Demmel,10
Demmelink,10
Denald,10
Denne,10
Derend,10
Derik,10
Derikke,10
Derk,10
Des,10
Desgod,10
Desse,10
Determan,10
Devink,10
Dezerman,10
Dezink,10
Diderik,10
Diechter,10
Diegott,10
Diehmer,10
Diehmerink,10
Dielink,10
Dielman,10
Dielreus,10
Diemas,10
Diemelink,10
Diemmel,10
Diemmelink,10
Dienald,10
Dienne,10
Diepasman,10
Diepper,10
Dierend,10
Dierik,10
Dies,10
Diesgod,10
Diesse,10
Dieterman,10
Dievink,10
Diezerman,10
Diezink,10
Digott,10
Dihmer,10
Dihmerink,10
Dijchter,10
Dijderik,10
Dijgott,10
Dijhmer,10
Dijlink,10
Dijlman,10
Dijlreus,10
Dijmas,10
Dijmelink,10
Dijmmel,10
Dijmmelink,10
Dijnne,10
Dijpasman,10
Dijpper,10
Dijrend,10
Dijrik,10
Dijrikke,10
Dijrk,10
Dijs,10
Dijsgod,10
Dijsse,10
Dijterman,10
Dijvink,10
Dijzerman,10
Dijzink,10
Dilink,10
Dilman,10
Dilreus,10
Dimas,10
Dimelink,10
Dimmel,10
Dimmelink,10
Dinald,10
Dinne,10
Dipper,10
Dirik,10
Dirikke,10
Disgod,10
Disse,10
Diterman,10
Dizerman,10
Dizink,10
Dochter,10
Doderik,10
Dogott,10
Dohmer,10
Dohmerink,10
Dolink,10
Dolman,10
Dolreus,10
Domas,10
Domelink,10
Dommel,10
Dommelink,10
Donald,10
Donne,10
Dopasman,10
Dopper,10
Dorend,10
Dorik,10
Dorikke,10
Dork,10
Dosgod,10
Dosse,10
Doterman,10
Dovink,10
Dozerman,10
Dozink,10
Draaderik,10
Draagott,10
Draahmer,10
Draahmerink,10
Draalink,10
Draalman,10
Draalreus,10
Draamas,10
Draamelink,10
Draanald,10
Draapasman,10
Draas,10
Draaterman,10
Draavink,10
Draazerman,10
Draazink,10
Drachter,10
Draderik,10
Dragott,10
Drahmer,10
Drahmerink,10
Dralink,10
Dralman,10
Dramas,10
Dramelink,10
Drammel,10
Drammelink,10
Dranald,10
Dranne,10
Drapasman,10
Drapper,10
Dras,10
Drasgod,10
Drasse,10
Draterman,10
Dravink,10
Drazerman,10
Drazink,10
Drechter,10
Drederik,10
Dreederik,10
Dreehmer,10
Dreehmerink,10
Dreelink,10
Dreelman,10
Dreelreus,10
Dreemas,10
Dreemelink,10
Dreenald,10
Dreepasman,10
Drees,10
Dreesgod,10
Dreeterman,10
Dreevink,10
Dreezerman,10
Dreezink,10
Dregott,10
Drehmer,10
Dreiderik,10
Dreigott,10
Dreihmer,10
Dreihmerink,10
Dreilink,10
Dreilman,10
Dreilreus,10
Dreimelink,10
Dreimmel,10
Dreimmelink,10
Dreinald,10
Dreinne,10
Dreipasman,10
Dreipper,10
Dreis,10
Dreisgod,10
Dreisse,10
Dreiterman,10
Dreizerman,10
Dreizink,10
Drelink,10
Drelman,10
Drelreus,10
Dremas,10
Dremelink,10
Dremmel,10
Dremmelink,10
Drenne,10
Drepasman,10
Drepper,10
Dres,10
Dresgod,10
Dresse,10
Dreterman,10
Drevink,10
Drezerman,10
Drichter,10
Driderik,10
Driechter,10
Driederik,10
Driehmer,10
Driehmerink,10
Drielink,10
Drielreus,10
Driemas,10
Driemelink,10
Driemmel,10
Driemmelink,10
Drienald,10
Drienne,10
Driepper,10
Driesgod,10
Driesse,10
Drieterman,10
Drievink,10
Driezerman,10
Driezink,10
Drigott,10
Drihmer,10
Drihmerink,10
Drijchter,10
Drijderik,10
Drijgott,10
Drijhmer,10
Drijhmerink,10
Drijlink,10
Drijlman,10
Drijlreus,10
Drijmas,10
Drijmelink,10
Drijmmel,10
Drijmmelink,10
Drijnald,10
Drijnne,10
Drijpasman,10
Drijpper,10
Drijrend,10
Drijrik,10
Drijrikke,10
Drijrk,10
Drijs,10
Drijsse,10
Drijterman,10
Drijvink,10
Drijzink,10
Drilink,10
Drilman,10
Drilreus,10
Drimas,10
Drimelink,10
Drinald,10
Drinne,10
Dripasman,10
Dripper,10
Dris,10
Drisgod,10
Drisse,10
Driterman,10
Drivink,10
Drizerman,10
Drizink,10
Drochter,10
Droderik,10
Drogott,10
Drohmer,10
Drohmerink,10
Drolink,10
Drolman,10
Drolreus,10
Dromas,10
Drommel,10
Drommelink,10
Dronald,10
Dronne,10
Dropasman,10
Dropper,10
Dros,10
Drosgod,10
Drosse,10
Droterman,10
Drovink,10
Drozerman,10
Drozink,10
Echter,10
Ederik,10
Eederik,10
Eegott,10
Eehmer,10
Eehmerink,10
Eelink,10
Eelman,10
Eelreus,10
Eemas,10
Eemelink,10
Eemmel,10
Eemmelink,10
Eenald,10
Eenne,10
Eepasman,10
Eepper,10
Eerend,10
Eerik,10
Eerikke,10
Eerk,10
Ees,10
Eesgod,10
Eesse,10
Eeterman,10
Eevink,10
Eezerman,10
Eezink,10
Egott,10
Ehmer,10
Ehmerink,10
Eichter,10
Eiderik,10
Eigott,10
Eihmer,10
Eihmerink,10
Eilink,10
Eilman,10
Eilreus,10
Eimelink,10
Eimmel,10
Eimmelink,10
Einald,10
Einne,10
Eipasman,10
Eipper,10
Eirend,10
Eirik,10
Eirikke,10
Eirk,10
Eis,10
Eisgod,10
Eisse,10
Eiterman,10
Eivink,10
Eizerman,10
Eizink,10
Elink,10
Elman,10
Elreus,10
Emas,10
Emelink,10
Emmel,10
Emmelink,10
Enald,10
Enne,10
Epasman,10
Epper,10
Erend,10
Erik,10
Erikke,10
Erk,10
Esgod,10
Esse,10
Eterman,10
Evink,10
Ezerman,10
Ezink,10
Fadomas,10
Fador,10
Fahmer,10
Fakker,10
Falink,10
Famaszoon,10
Famelink,10
Faming,10
Fank,10
Fanken,10
Farel,10
Farend,10
Fart,10
Faser,10
Fasgod,10
Fasgodde,10
Fasser,10
Faterman,10
Fator,10
Fazerman,10
Fedor,10
Fegott,10
Fekker,10
Fekkerman,10
Femaszoon,10
Femelink,10
Feming,10
Fenk,10
Fenken,10
Ferel,10
Ferend,10
Fert,10
Feser,10
Fesgod,10
Fesgodde,10
Fesma,10
Fesser,10
Feter,10
Feterman,10
Fetor,10
Fezerman,10
Fidomas,10
Fidor,10
Figott,10
Fihmer,10
Fikker,10
Fikkerman,10
Filink,10
Fimaszoon,10
Fimelink,10
Finken,10
Firel,10
Firend,10
Firt,10
Fiser,10
Fisgod,10
Fisma,10
Fisser,10
Fiterman,10
Fitor,10
Fizerman,10
Fodomas,10
Fodor,10
Fogott,10
Fokker,10
Fokkerman,10
Folink,10
Fomaszoon,10
Fomelink,10
Foming,10
Fonk,10
Fonken,10
Forel,10
Forend,10
Fort,10
Foser,10
Fosgod,10
Fosgodde,10
Fosma,10
Fosser,10
Foter,10
Foterman,10
Fotor,10
Fozerman,10
Fradomas,10
Frador,10
Frahmer,10
Frakker,10
Frakkerman,10
Fralink,10
Framaszoon,10
Framelink,10
Framing,10
Frank,10
Franken,10
Fraser,10
Frasgod,10
Frasgodde,10
Frasma,10
Frasser,10
Frater,10
Fraterman,10
Frazerman,10
Fredomas,10
Fregott,10
Frehmer,10
Frekker,10
Frekkerman,10
Frelink,10
Fremaszoon,10
Fremelink,10
Freming,10
Frenken,10
Freser,10
Fresgod,10
Fresgodde,10
Fresma,10
Fresser,10
Freterman,10
Fretor,10
Fridomas,10
Fridor,10
Frigott,10
Frihmer,10
Frikker,10
Frikkerman,10
Frilink,10
Frimaszoon,10
Frimelink,10
Friming,10
Frink,10
Frinken,10
Friser,10
Frisgodde,10
Frisma,10
Frisser,10
Friter,10
Friterman,10
Fritor,10
Frizerman,10
Frodomas,10
Frodor,10
Frogott,10
Frohmer,10
Frokker,10
Frokkerman,10
Frolink,10
Fromelink,10
Froming,10
Froser,10
Frosgod,10
Frosgodde,10
Frosser,10
Froter,10
Froterman,10
Frotor,10
Frozerman,10
Gehador,10
Gehagott,10
Gehahmer,10
Gehakker,10
Gehakkerman,10
Gehalink,10
Gehamaszoon,10
Gehamelink,10
Gehaming,10
Gehank,10
Gehanken,10
Geharel,10
Geharend,10
Gehart,10
Gehaser,10
Gehasgod,10
Gehasgodde,10
Gehasma,10
Gehasser,10
Gehater,10
Gehaterman,10
Gehator,10
Gehazerman,10
Gehedomas,10
Gehedor,10
Gehegott,10
Gehehmer,10
Gehekker,10
Gehekkerman,10
Gehelink,10
Gehemaszoon,10
Geheming,10
Gehenk,10
Gehert,10
Gehesgod,10
Gehesgodde,10
Gehesma,10
Gehesser,10
Gehetor,10
Gehidomas,10
Gehigott,10
Gehihmer,10
Gehikker,10
Gehikkerman,10
Gehilink,10
Gehimaszoon,10
Gehimelink,10
Gehinken,10
Gehirel,10
Gehisgod,10
Gehisgodde,10
Gehisser,10
Gehiter,10
Gehiterman,10
Gehitor,10
Gehodomas,10
Gehodor,10
Gehogott,10
Gehohmer,10
Gehokker,10
Gehokkerman,10
Geholink,10
Gehomaszoon,10
Gehomelink,10
Gehonk,10
Gehonken,10
Gehorel,10
Gehorend,10
Gehoser,10
Gehosgod,10
Gehosgodde,10
Gehosma,10
Gehosser,10
Gehoter,10
Gehoterman,10
Gehotor,10
Gehozerman,10
Geradomas,10
Gerador,10
Geragott,10
Gerakker,10
Gerakkerman,10
Geralink,10
Geramaszoon,10
Geraming,10
Gerank,10
Geranken,10
Geraser,10
Gerasgod,10
Gerasgodde,10
Gerasma,10
Gerater,10
Geraterman,10
Gerator,10
Gerazerman,10
Geredomas,10
Geredor,10
Geregott,10
Gerehmer,10
Gerekker,10
Gerekkerman,10
Gerelink,10
Geremaszoon,10
Gereming,10
Gerenk,10
Gerenken,10
Geresgod,10
Geresma,10
Geresser,10
Geridomas,10
Geridor,10
Gerigott,10
Gerikker,10
Gerikkerman,10
Gerilink,10
Gerimaszoon,10
Gerimelink,10
Geriming,10
Gerink,10
Gerinken,10
Geriser,10
Gerisgod,10
Gerisgodde,10
Gerisma,10
Gerisser,10
Geriter,10
Geriterman,10
Gerizerman,10
Gerodomas,10
Gerodor,10
Gerogott,10
Gerohmer,10
Gerokker,10
Gerokkerman,10
Gerolink,10
Geromaszoon,10
Geromelink,10
Geroming,10
Geronk,10
Geronken,10
Geroser,10
Gerosgod,10
Gerosgodde,10
Gerosser,10
Geroter,10
Geroterman,10
Gerotor,10
Gerozerman,10
Hadomas,10
Hador,10
Hagott,10
Hakker,10
Hakkerman,10
Halink,10
Hamaszoon,10
Hamelink,10
Haming,10
Hanken,10
Harel,10
Harend,10
Hart,10
Haser,10
Hasgod,10
Hasgodde,10
Hasser,10
Haterman,10
Hator,10
Hazerman,10
Hedomas,10
Hedor,10
Hegott,10
Hekker,10
Hekkerman,10
Helink,10
Hemaszoon,10
Hemelink,10
Heming,10
Henk,10
Henken,10
Herel,10
Herend,10
Hert,10
Heser,10
Hesgod,10
Hesgodde,10
Hesma,10
Hesser,10
Heterman,10
Hetor,10
Hezerman,10
Hidomas,10
Hidor,10
Higott,10
Hihmer,10
Hikker,10
Hikkerman,10
Hilink,10
Himaszoon,10
Himelink,10
Himing,10
Hink,10
Hinken,10
Hirel,10
Hirend,10
Hirt,10
Hiser,10
Hisgodde,10
Hisma,10
Hisser,10
Hiter,10
Hiterman,10
Hitor,10
Hizerman,10
Hodomas,10
Hodor,10
Hogott,10
Hohmer,10
Hokkerman,10
Holink,10
Homaszoon,10
Homelink,10
Honk,10
Horel,10
Horend,10
Hort,10
Hoser,10
Hosgod,10
Hosser,10
Hoter,10
Hotor,10
Hozerman,10
Ichter,10
Iderik,10
Iederik,10
Iegott,10
Iehmer,10
Iehmerink,10
Ielink,10
Ielman,10
Ielreus,10
Iemas,10
Iemelink,10
Iemmel,10
Iemmelink,10
Ienald,10
Ienne,10
Iepasman,10
Iepper,10
Ierik,10
Ierikke,10
Ierk,10
Ies,10
Iesgod,10
Iesse,10
Ievink,10
Iezerman,10
Iezink,10
Igott,10
Ihmer,10
Ihmerink,10
Ijchter,10
Ijderik,10
Ijgott,10
Ijhmer,10
Ijhmerink,10
Ijlink,10
Ijlman,10
Ijlreus,10
Ijmas,10
Ijmelink,10
Ijmmel,10
Ijmmelink,10
Ijnald,10
Ijnne,10
Ijpasman,10
Ijpper,10
Ijrend,10
Ijrik,10
Ijrikke,10
Ijrk,10
Ijs,10
Ijsgod,10
Ijsse,10
Ijterman,10
Ijzerman,10
Ijzink,10
Ilink,10
Ilman,10
Ilreus,10
Imas,10
Imelink,10
Immel,10
Immelink,10
Inald,10
Inne,10
Ipasman,10
Ipper,10
Irend,10
Irik,10
Irikke,10
Irk,10
Isgod,10
Isse,10
Iterman,10
Ivink,10
Izerman,10
Izink,10
Jaadomas,10
Jaador,10
Jaafkan,10
Jaagott,10
Jaahan,10
Jaahans,10
Jaahanszoon,10
Jaahmer,10
Jaalink,10
Jaamaszoon,10
Jaamelink,10
Jaaming,10
Jaan,10
Jaank,10
Jaaon,10
Jaaonne,10
Jaap,10
Jaaper,10
Jaarel,10
Jaarend,10
Jaaret,10
Jaarik,10
Jaark,10
Jaaser,10
Jaasgod,10
Jaasgodde,10
Jaasma,10
Jaater,10
Jaaterik,10
Jaaterman,10
Jaator,10
Jaazerman,10
Jachter,10
Jadde,10
Jadder,10
Jadomas,10
Jador,10
Jafkan,10
Jagott,10
Jahans,10
Jahanszoon,10
Jahmer,10
Jakker,10
Jakkerman,10
Jamaszoon,10
Jamelink,10
Jaming,10
Jan,10
Jank,10
Jaon,10
Jaonne,10
Jap,10
Japer,10
Japper,10
Jarel,10
Jarend,10
Jaret,10
Jarik,10
Jark,10
Jaser,10
Jasgod,10
Jasgodde,10
Jasma,10
Jasser,10
Jater,10
Jaterik,10
Jaterman,10
Jator,10
Jatte,10
Jazerman,10
Jeeanneman,10
Jeedomas,10
Jeedor,10
Jeefkan,10
Jeegott,10
Jeehan,10
Jeehans,10
Jeehanszoon,10
Jeehmer,10
Jeelink,10
Jeemaszoon,10
Jeemelink,10
Jeeming,10
Jeen,10
Jeenk,10
Jeeon,10
Jeeonne,10
Jeep,10
Jeeper,10
Jeerel,10
Jeerend,10
Jeeret,10
Jeerik,10
Jeerk,10
Jeeser,10
Jeesgod,10
Jeesgodde,10
Jeesma,10
Jeeter,10
Jeeterik,10
Jeeterman,10
Jeetor,10
Jeezerman,10
Jieanneman,10
Jiechter,10
Jiedde,10
Jiedder,10
Jiedomas,10
Jiedor,10
Jiefkan,10
Jiegott,10
Jiehan,10
Jiehans,10
Jiehanszoon,10
Jiehmer,10
Jiekker,10
Jiekkerman,10
Jielink,10
Jiemaszoon,10
Jiemelink,10
Jieming,10
Jien,10
Jienk,10
Jieonne,10
Jiep,10
Jieper,10
Jiepper,10
Jierel,10
Jierend,10
Jieret,10
Jierik,10
Jierk,10
Jieser,10
Jiesgod,10
Jiesgodde,10
Jiesma,10
Jiesser,10
Jieter,10
Jieterik,10
Jieterman,10
Jietor,10
Jiette,10
Jiezerman,10
Jooanneman,10
Joodomas,10
Joodor,10
Joofkan,10
Joogott,10
Joohan,10
Joohans,10
Joohanszoon,10
Joohmer,10
Joolink,10
Joomaszoon,10
Joomelink,10
Jooming,10
Joon,10
Joonk,10
Joop,10
Jooper,10
Joorel,10
Joorend,10
Jooret,10
Joorik,10
Joork,10
Jooser,10
Joosgod,10
Joosgodde,10
Joosma,10
Jooter,10
Jooterik,10
Jooterman,10
Jootor,10
Joozerman,10
Jouanneman,10
Jouchter,10
Joudde,10
Joudder,10
Joudomas,10
Joudor,10
Joufkan,10
Jougott,10
Jouhan,10
Jouhans,10
Jouhanszoon,10
Jouhmer,10
Joukker,10
Joukkerman,10
Joulink,10
Joumaszoon,10
Joumelink,10
Jouming,10
Joun,10
Jounk,10
Jouon,10
Jouonne,10
Joup,10
Jouper,10
Joupper,10
Jourel,10
Jourend,10
Jouret,10
Jourik,10
Jourk,10
Jouser,10
Jousgod,10
Jousgodde,10
Jousma,10
Jousser,10
Jouter,10
Jouterik,10
Jouterman,10
Joutor,10
Joutte,10
Jouzerman,10
Kai,10
Karel,10
Kars,10
Karst,10
Kaster,10
Keerst,10
Keum,10
Keun,10
Kikkerman,10
Kirst,10
Klaas,10
Klazenman,10
Kleum,10
Kloosterman,10
Knaap,10
Knecht,10
Knechter,10
Kon,10
Koster,10
Kosterman,10
Kraster,10
Lachterman,10
Lack,10
Lackerman,10
Lackermann,10
Ladde,10
Lahmer,10
Lakker,10
Lakkerman,10
Lakman,10
Lammerlink,10
Lammert,10
Lank,10
Lannie,10
Lap,10
Lapper,10
Larkman,10
Lars,10
Lastra,10
Lastrik,10
Lavink,10
Lechterman,10
Leck,10
Leckerman,10
Leckermann,10
Ledde,10
Lehmer,10
Lekker,10
Lekkerman,10
Lekman,10
Lemmerlink,10
Lemmert,10
Lenk,10
Lennie,10
Lep,10
Lepper,10
Lerkman,10
Lers,10
Lestra,10
Lestrik,10
Levink,10
Lichterman,10
Lick,10
Lickerman,10
Lickermann,10
Lidde,10
Lihmer,10
Likker,10
Likkerman,10
Likman,10
Limmerlink,10
Limmert,10
Link,10
Linnie,10
Lip,10
Lipper,10
Lirkman,10
Lirs,10
Listra,10
Listrik,10
Livink,10
Lochterman,10
Lock,10
Lockerman,10
Lockermann,10
Lodde,10
Loechterman,10
Loeck,10
Loeckerman,10
Loeckermann,10
Loedde,10
Loehmer,10
Loekker,10
Loekkerman,10
Loekman,10
Loemmerlink,10
Loemmert,10
Loenk,10
Loennie,10
Loep,10
Loepper,10
Loerkman,10
Loers,10
Loestra,10
Loestrik,10
Loevink,10
Lohmer,10
Lokker,10
Lokkerman,10
Lokman,10
Lommerlink,10
Lommert,10
Lonk,10
Lonnie,10
Loock,10
Loockerman,10
Loockermann,10
Loohmer,10
Lookman,10
Loonk,10
Loop,10
Loorkman,10
Loors,10
Loostra,10
Loostrik,10
Loovink,10
Lop,10
Lopper,10
Lorkman,10
Lors,10
Lostra,10
Lostrik,10
Lovink,10
Luchterman,10
Luck,10
Luckerman,10
Luckermann,10
Ludde,10
Luhmer,10
Lukker,10
Lukkerman,10
Lukman,10
Lummerlink,10
Lummert,10
Lunk,10
Lunnie,10
Lup,10
Lupper,10
Lurkman,10
Lurs,10
Lustra,10
Lustrik,10
Luuck,10
Luuckerman,10
Luuckermann,10
Luuhmer,10
Luukman,10
Luunk,10
Luup,10
Luurkman,10
Luurs,10
Luustra,10
Luustrik,10
Luuvink,10
Luvink,10
Ochter,10
Oderik,10
Ohmer,10
Ohmerink,10
Olink,10
Olman,10
Olreus,10
Omas,10
Omelink,10
Ommel,10
Ommelink,10
Onald,10
Onne,10
Opasman,10
Opper,10
Orend,10
Orik,10
Orikke,10
Ork,10
Osgod,10
Osse,10
Oterman,10
Ovink,10
Ozerman,10
Ozink,10
Pachter,10
Pachterman,10
Padder,10
Padoma,10
Pador,10
Paffer,10
Pafkan,10
Pagott,10
Pahmer,10
Pakker,10
Palink,10
Pamaszoon,10
Pamelink,10
Paming,10
Pan,10
Paning,10
Paningk,10
Pank,10
Papman,10
Papper,10
Parend,10
Paret,10
Parik,10
Park,10
Paser,10
Pasgod,10
Pasgodde,10
Pasink,10
Pasma,10
Passer,10
Pasterik,10
Pat,10
Paterik,10
Paterman,10
Pator,10
Pauchterman,10
Paudder,10
Paudor,10
Paufkan,10
Paugott,10
Pauhmer,10
Pauking,10
Paukker,10
Paukkerman,10
Paul,10
Paulink,10
Paumaszoon,10
Paumelink,10
Paun,10
Pauningk,10
Paunk,10
Paunkerman,10
Paunneman,10
Paupman,10
Paupper,10
Paurend,10
Pauret,10
Paurik,10
Paurk,10
Pauser,10
Pausgod,10
Pausgodde,10
Pausink,10
Pausma,10
Pauster,10
Pausterik,10
Paut,10
Pauter,10
Pauterman,10
Pauterzoon,10
Pautor,10
Pauts,10
Pauvink,10
Pauzerman,10
Pauzgod,10
Pavink,10
Pazerman,10
Pazink,10
Peedoma,10
Peedomas,10
Peedor,10
Peefkan,10
Peegott,10
Peehmer,10
Peel,10
Peelan,10
Peelink,10
Peemaszoon,10
Peemelink,10
Peeming,10
Peen,10
Peening,10
Peeningk,10
Peenkerman,10
Peerel,10
Peerend,10
Peerik,10
Peerk,10
Peeser,10
Peesgod,10
Peesma,10
Peesterik,10
Peet,10
Peeter,10
Peeterik,10
Peeterman,10
Peeterzoon,10
Peets,10
Peezerman,10
Pichter,10
Pidder,10
Pidoma,10
Pidor,10
Piechterman,10
Piedder,10
Piedoma,10
Piedomas,10
Piedor,10
Pieffer,10
Piefkan,10
Piegott,10
Piehmer,10
Piekker,10
Piekkerman,10
Piel,10
Pielan,10
Pielink,10
Piellar,10
Piemelink,10
Pieming,10
Piening,10
Pienk,10
Pienneman,10
Piepman,10
Piepper,10
Pierel,10
Pierend,10
Pieret,10
Pierik,10
Pierk,10
Pieser,10
Piesgod,10
Piesgodde,10
Piesma,10
Piesser,10
Piester,10
Piesterik,10
Pieterman,10
Pieterzoon,10
Pietor,10
Piets,10
Pievink,10
Piezink,10
Piffer,10
Pifkan,10
Pigott,10
Pihmer,10
Piking,10
Pikker,10
Pikkerman,10
Pil,10
Pilink,10
Pillar,10
Pimelink,10
Pin,10
Pining,10
Piningk,10
Pink,10
Pinkerman,10
Pinneman,10
Pipman,10
Pipper,10
Pirel,10
Pirend,10
Piret,10
Pirik,10
Pirk,10
Piser,10
Pisgod,10
Pisgodde,10
Pisink,10
Pisma,10
Pisser,10
Pister,10
Pit,10
Piter,10
Piterik,10
Piterman,10
Pits,10
Pivink,10
Pizerman,10
Pizink,10
Plachter,10
Plachterman,10
Pladder,10
Pladoma,10
Pladomas,10
Plador,10
Plaffer,10
Plaking,10
Plakker,10
Plalink,10
Plallar,10
Plamaszoon,10
Plamelink,10
Plan,10
Planing,10
Planneman,10
Plapman,10
Plapper,10
Plarel,10
Plarend,10
Plarik,10
Plark,10
Plaser,10
Plasgodde,10
Plasink,10
Plasma,10
Plasser,10
Plaster,10
Plasterik,10
Plater,10
Platerman,10
Platerzoon,10
Plator,10
Plats,10
Platte,10
Plauchter,10
Plauchterman,10
Plaudder,10
Plaudomas,10
Plaudor,10
Plauhmer,10
Plauking,10
Plaukker,10
Plaukkerman,10
Plaul,10
Plaulan,10
Plaulink,10
Plaullar,10
Plaumaszoon,10
Plauming,10
Plauning,10
Plauningk,10
Plaunk,10
Plaunkerman,10
Plaunneman,10
Plaupman,10
Plaupper,10
Plaurel,10
Plaurend,10
Plauret,10
Plaurik,10
Plauser,10
Plausgodde,10
Plausink,10
Plausma,10
Plausser,10
Plauster,10
Plausterik,10
Plaut,10
Plauter,10
Plauterman,10
Plauts,10
Plauvink,10
Plauzerman,10
Plauzink,10
Plazerman,10
Plazgod,10
Pleedoma,10
Pleedomas,10
Pleedor,10
Pleegott,10
Pleehmer,10
Pleeking,10
Pleel,10
Pleelan,10
Pleelink,10
Pleemaszoon,10
Pleemelink,10
Pleeming,10
Pleen,10
Pleening,10
Pleenk,10
Pleenkerman,10
Pleepman,10
Pleerel,10
Pleerend,10
Pleeret,10
Pleerik,10
Pleerk,10
Pleeser,10
Pleesgod,10
Pleesgodde,10
Pleesma,10
Pleester,10
Pleet,10
Pleeter,10
Pleeterik,10
Pleeterman,10
Pleeterzoon,10
Pleets,10
Pleevink,10
Pleezerman,10
Pleezgod,10
Pleezink,10
Plichter,10
Plidoma,10
Plidomas,10
Plidor,10
Pliedder,10
Pliedoma,10
Pliedor,10
Plieffer,10
Pliegott,10
Pliehmer,10
Plieking,10
Pliekker,10
Pliemaszoon,10
Pliemelink,10
Plien,10
Pliening,10
Plienk,10
Plienneman,10
Pliepman,10
Plierel,10
Plierend,10
Plierik,10
Plierk,10
Plieser,10
Pliesgod,10
Pliesgodde,10
Pliesink,10
Pliesma,10
Pliesser,10
Pliesterik,10
Pliet,10
Plieter,10
Plieterik,10
Plieterman,10
Plietor,10
Pliets,10
Pliette,10
Plievink,10
Pliezerman,10
Pliezgod,10
Pliezink,10
Pliffer,10
Pligott,10
Pliking,10
Plikker,10
Plikkerman,10
Plil,10
Plilan,10
Plilink,10
Plillar,10
Plimelink,10
Pliming,10
Plining,10
Pliningk,10
Plink,10
Plinkerman,10
Plipman,10
Plipper,10
Plirend,10
Pliret,10
Plirik,10
Plirk,10
Pliser,10
Plisgodde,10
Plisink,10
Plisma,10
Plisser,10
Plisterik,10
Plit,10
Pliter,10
Pliterik,10
Pliterman,10
Plitor,10
Plits,10
Plizerman,10
Plizink,10
Prachter,10
Prachterman,10
Pradder,10
Pradoma,10
Prador,10
Praffer,10
Prafkan,10
Prahmer,10
Prakker,10
Pral,10
Pralan,10
Pralink,10
Prallar,10
Pramelink,10
Pran,10
Praning,10
Praningk,10
Prank,10
Prankerman,10
Pranneman,10
Prapman,10
Prapper,10
Praser,10
Prasgod,10
Prasgodde,10
Prasink,10
Prasma,10
Prasser,10
Prasterik,10
Prat,10
Prater,10
Praterzoon,10
Prator,10
Prats,10
Pratte,10
Prauchter,10
Prauchterman,10
Praudoma,10
Praudomas,10
Praudor,10
Prauffer,10
Praugott,10
Prauhmer,10
Prauking,10
Praukker,10
Praukkerman,10
Praul,10
Praullar,10
Praumaszoon,10
Prauming,10
Praun,10
Prauning,10
Praunkerman,10
Praupper,10
Prauser,10
Prausgodde,10
Prausink,10
Prausma,10
Prausser,10
Prauster,10
Prauter,10
Prauterik,10
Prauterman,10
Prauterzoon,10
Prautor,10
Prauts,10
Prautte,10
Prauvink,10
Prauzgod,10
Prauzink,10
Pravink,10
Prazerman,10
Prazink,10
Preedoma,10
Preedomas,10
Preedor,10
Preefkan,10
Preegott,10
Preehmer,10
Preeking,10
Preel,10
Preelan,10
Preelink,10
Preemaszoon,10
Preeming,10
Preening,10
Preenk,10
Preenkerman,10
Preepman,10
Preeser,10
Preesgod,10
Preesgodde,10
Preesink,10
Preesma,10
Preester,10
Preesterik,10
Preeter,10
Preeterik,10
Preeterman,10
Preetor,10
Preets,10
Preezerman,10
Preezgod,10
Preezink,10
Prichter,10
Prichterman,10
Pridder,10
Pridoma,10
Pridomas,10
Pridor,10
Priechter,10
Priechterman,10
Priedomas,10
Priedor,10
Priehmer,10
Prieking,10
Priekker,10
Priel,10
Prielan,10
Prielink,10
Priellar,10
Priemaszoon,10
Prien,10
Priening,10
Prieningk,10
Prienk,10
Prienkerman,10
Prieser,10
Priesgod,10
Priesgodde,10
Priesma,10
Priesser,10
Priester,10
Priesterik,10
Prieter,10
Prieterik,10
Prieterman,10
Prieterzoon,10
Prietor,10
Priets,10
Prievink,10
Priezerman,10
Priezink,10
Priffer,10
Prifkan,10
Prikker,10
Prikkerman,10
Pril,10
Prillar,10
Primaszoon,10
Primelink,10
Priming,10
Prin,10
Priningk,10
Prink,10
Prinkerman,10
Prinneman,10
Pripman,10
Priser,10
Prisgod,10
Prisgodde,10
Prisma,10
Prisser,10
Prister,10
Pristerik,10
Priter,10
Priterik,10
Priterman,10
Priterzoon,10
Pritor,10
Prits,10
Privink,10
Prizerman,10
Prizgod,10
Prizink,10
Rachter,10
Rachterman,10
Rack,10
Radas,10
Radder,10
Radoma,10
Radomas,10
Rador,10
Rafkan,10
Ragott,10
Rahmer,10
Raking,10
Rakister,10
Rakker,10
Rakkerman,10
Rakne,10
Ral,10
Raland,10
Ralink,10
Rallar,10
Ralvink,10
Ramelink,10
Raming,10
Ramm,10
Rammam,10
Ran,10
Ranikke,10
Rank,10
Ranke,10
Rankerman,10
Rapman,10
Raprda,10
Raser,10
Rasma,10
Rassel,10
Rasser,10
Raster,10
Rasterik,10
Rater,10
Raterik,10
Raterman,10
Raterzoon,10
Rator,10
Ratte,10
Ratter,10
Razerman,10
Razing,10
Razink,10
Richter,10
Richterman,10
Rick,10
Ridas,10
Riderick,10
Ridomas,10
Ridor,10
Riffer,10
Rifkan,10
Rigott,10
Rihmer,10
Rijchter,10
Rijchterman,10
Rijck,10
Rijdas,10
Rijderick,10
Rijdoma,10
Rijdomas,10
Rijdor,10
Rijfkan,10
Rijhmer,10
Rijkister,10
Rijkker,10
Rijkkerman,10
Rijkne,10
Rijl,10
Rijlan,10
Rijland,10
Rijlink,10
Rijllar,10
Rijlvink,10
Rijmelink,10
Rijming,10
Rijmm,10
Rijmmam,10
Rijn,10
Rijnk,10
Rijnke,10
Rijnkerman,10
Rijpman,10
Rijpper,10
Rijprda,10
Rijpreus,10
Rijrend,10
Rijrik,10
Rijrk,10
Rijscher,10
Rijser,10
Rijsgod,10
Rijsgodde,10
Rijsma,10
Rijssel,10
Rijsser,10
Rijsterik,10
Rijter,10
Rijterik,10
Rijterman,10
Rijterzoon,10
Rijtor,10
Rijtser,10
Rijtte,10
Rijtter,10
Rijzerman,10
Rijzgod,10
Rijzing,10
Rijzink,10
Rikister,10
Rikker,10
Rikkerman,10
Rikne,10
Ril,10
Rilan,10
Riland,10
Rilink,10
Rillar,10
Rilvink,10
Rimaszoon,10
Rimelink,10
Riming,10
Rimm,10
Rimmam,10
Rin,10
Rinikke,10
Rink,10
Rinke,10
Rinkerman,10
Rinneman,10
Ripman,10
Ripper,10
Rischer,10
Riser,10
Risgod,10
Risgodde,10
Risma,10
Rissel,10
Risser,10
Rister,10
Risterik,10
Riterik,10
Riterman,10
Riterzoon,10
Ritor,10
Ritser,10
Ritter,10
Rizerman,10
Rizgod,10
Rizing,10
Rizink,10
Rochterman,10
Rock,10
Rodas,10
Rodder,10
Roderick,10
Rodoma,10
Rodomas,10
Rodor,10
Roechter,10
Roechterman,10
Roedas,10
Roedder,10
Roederick,10
Roedomas,10
Roedor,10
Roeffer,10
Roefkan,10
Roegott,10
Roehmer,10
Roekister,10
Roekker,10
Roekkerman,10
Roekne,10
Roel,10
Roeland,10
Roellar,10
Roelvink,10
Roemaszoon,10
Roemelink,10
Roeming,10
Roemm,10
Roemmam,10
Roen,10
Roenikke,10
Roenk,10
Roenke,10
Roenkerman,10
Roepman,10
Roepper,10
Roescher,10
Roeser,10
Roesgodde,10
Roesma,10
Roessel,10
Roesser,10
Roester,10
Roeter,10
Roeterik,10
Roeterman,10
Roetser,10
Roette,10
Roetter,10
Roezerman,10
Roezgod,10
Roezing,10
Roezink,10
Roffer,10
Rofkan,10
Rogott,10
Rohmer,10
Roking,10
Rokker,10
Rokkerman,10
Rokne,10
Rol,10
Rolan,10
Roland,10
Rolink,10
Rollar,10
Rolvink,10
Romaszoon,10
Ron,10
Ronikke,10
Ronke,10
Ronkerman,10
Ropper,10
Roprda,10
Ropreus,10
Roscher,10
Roser,10
Rosgod,10
Rosgodde,10
Rosma,10
Rossel,10
Rosser,10
Rosterik,10
Roter,10
Roterik,10
Roterman,10
Rotor,10
Rotser,10
Rozerman,10
Rozing,10
Rozink,10
Vak,10
Vakke,10
Valan,10
Vam,10
Vamme,10
Vanikke,10
Vanke,10
Varick,10
Varicke,10
Vast,10
Vasterik,10
Vastgott,10
Vazink,10
Vidomas,10
Vijderick,10
Vijdomas,10
Vijffen,10
Vijk,10
Vijkke,10
Vijlan,10
Vijlf,10
Vijlfsman,10
Vijlink,10
Vijm,10
Vijmaszoon,10
Vijnikke,10
Vijnkerman,10
Vijrick,10
Vijricke,10
Vijstgott,10
Vijter,10
Vijzink,10
Vik,10
Vikke,10
Vilan,10
Vilink,10
Vim,10
Viman,10
Vimaszoon,10
Vinikke,10
Vinke,10
Vinkerman,10
Viricke,10
Visterik,10
Vistra,10
Viter,10
Voderick,10
Vodomas,10
Voederick,10
Voedomas,10
Voek,10
Voekke,10
Voelan,10
Voelf,10
Voelfsman,10
Voemaszoon,10
Voemme,10
Voenikke,10
Voenke,10
Voenkerman,10
Voericke,10
Voest,10
Voesterik,10
Voestgott,10
Voestra,10
Voeter,10
Voevink,10
Voezink,10
Vokke,10
Volan,10
Vom,10
Voman,10
Vomaszoon,10
Vomme,10
Vonikke,10
Vonke,10
Vonkerman,10
Vorick,10
Voricke,10
Vost,10
Vostgott,10
Vostra,10
Voter,10
Vradomas,10
Vrak,10
Vrakke,10
Vralan,10
Vralink,10
Vram,10
Vramaszoon,10
Vramme,10
Vrankerman,10
Vrasterik,10
Vrastgott,10
Vravink,10
Vrazink,10
Vriderick,10
Vridomas,10
Vrijderick,10
Vrijdomas,10
Vrijffen,10
Vrijlf,10
Vrijlink,10
Vrijm,10
Vrijmme,10
Vrijnikke,10
Vrijrick,10
Vrijricke,10
Vrijst,10
Vrijstgott,10
Vrijstra,10
Vrijvink,10
Vrijzink,10
Vrik,10
Vrikke,10
Vrilan,10
Vrilink,10
Vrim,10
Vriman,10
Vrimme,10
Vrinikke,10
Vrinke,10
Vrinkerman,10
Vrist,10
Vristerik,10
Vristgott,10
Vriter,10
Vrivink,10
Vrizink,10
Vroderick,10
Vroederick,10
Vroeffen,10
Vroek,10
Vroelan,10
Vroelf,10
Vroelfsman,10
Vroelink,10
Vroem,10
Vroemaszoon,10
Vroemme,10
Vroenikke,10
Vroenke,10
Vroenkerman,10
Vroest,10
Vroestgott,10
Vroeter,10
Vroezink,10
Vrok,10
Vrokke,10
Vrolan,10
Vrolink,10
Vrom,10
Vroman,10
Vronikke,10
Vronke,10
Vronkerman,10
Vrostgott,10
Vrostra,10
Vroter,10
Vruk,10
Vrukke,10
Vrulan,10
Vrum,10
Vruman,10
Vrumaszoon,10
Vrunikke,10
Vrunke,10
Vrunkerman,10
Vrusterik,10
Vrustgott,10
Vrustra,10
Vruter,10
Vuderick,10
Vudomas,10
Vuk,10
Vukke,10
Vulan,10
Vulink,10
Vum,10
Vuman,10
Vumaszoon,10
Vumme,10
Vunikke,10
Vunke,10
Vunkerman,10
Vurick,10
Vuricke,10
Vusterik,10
Vustgott,10
Vustra,10
Vuter,10
Vuzink,10
Waderick,10
Wak,10
Wakke,10
Walan,10
Walink,10
Wam,10
Waman,10
Wamaszoon,10
Wamme,10
Wanikke,10
Wanke,10
Wankerman,10
Warick,10
Waricke,10
Wast,10
Wasterik,10
Wastra,10
Water,10
Widomas,10
Wijderick,10
Wijdomas,10
Wijffen,10
Wijk,10
Wijlan,10
Wijlf,10
Wijlfsman,10
Wijm,10
Wijman,10
Wijmme,10
Wijrick,10
Wijricke,10
Wijst,10
Wijter,10
Wijvink,10
Wijzink,10
Wikke,10
Wilan,10
Wilink,10
Wim,10
Wiman,10
Wimaszoon,10
Wimme,10
Winikke,10
Winke,10
Winkerman,10
Wiricke,10
Wist,10
Wisterik,10
Wistgott,10
Wistra,10
Wodomas,10
Woederick,10
Woedomas,10
Woek,10
Woekke,10
Woelan,10
Woelf,10
Woelink,10
Woem,10
Woeman,10
Woemaszoon,10
Woenke,10
Woerick,10
Woericke,10
Woesterik,10
Woestgott,10
Woestra,10
Woeter,10
Woevink,10
Woezink,10
Wok,10
Wokke,10
Wolan,10
Wom,10
Woman,10
Womaszoon,10
Wonikke,10
Wonke,10
Wonkerman,10
Worick,10
Woricke,10
Wost,10
Wosterik,10
Wostra,10
Woter,10
Wuderick,10
Wudomas,10
Wuk,10
Wukke,10
Wulan,10
Wulink,10
Wum,10
Wumaszoon,10
Wumme,10
Wunikke,10
Wunkerman,10
Wurick,10
Wuricke,10
Wust,10
Wustgott,10
Wustra,10
Wuter,10
Wuzink,10
