van Dijk,10
Bakker,10
Janssen,10
Visser,10
Smit,10
Meijer,10
Meyer,10
de Boer,10
Mulder,10
de Groot,10
Bos,10
Vos,10
Peters,10
Hendriks,10
van Leeuwen,10
Dekker,10
Brouwer,10
de Wit,10
Dijkstra,10
Smits,10
de Graaf,10
van der Meer,10
van de Meer,10
van der Linden,10
Kok,10
Jacobs,10
de Haan,10
Vermeulen,10
van den Heuvel,10
van der Veen,10
van de Veen,10
van den Broek,10
de Bruijn,10
de Bruyn,10
de Bruin,10
van der Heijden,10
van der Heyden,10
Schouten,10
van Beek,10
Willems,10
van Vliet,10
van de Ven,10
van der Ven,10
Hoekstra,10
Maas,10
Verhoeven,10
Koster,10
van Dam,10
van der Wal,10
van de Wal,10
Prins,10
Blom,10
Huisman,10
Peeters,10
de Jonge,10
Kuipers,10
van Veen,10
Post,10
Kuiper,10
Veenstra,10
Kramer,10
van den Brink,10
van de Brink,10
Scholten,10
van Wijk,10
Postma,10
Martens,10
Vink,10
de Ruiter,10
Timmermans,10
Groen,10
Gerritsen,10
Jonker,10
van Loon,10
Boer,10
van der Velde,10
van den Velde,10
van de Velde,10
Willemsen,10
Smeets,10
de Lange,10
de Vos,10
Bosch,10
van Dongen,10
Schipper,10
de Koning,10
van der Laan,10
Koning,10
van der Velden,10
van de Velden,10
van den Velden,10
Driessen,10
van Doorn,10
Hermans,10
Evers,10
van den Bosch,10
van der Meulen,10
Hofman,10
Bosman,10
Wolters,10
Sanders,10
van der Horst,10
Mol,10
Kuijpers,10
Kuypers,10
Molenaar,10
van de Pol,10
van den Pol,10
van der Pol,10
de Leeuw,10
Verbeek,10
