Acetilana,10
Adde,10
Afka,10
Afke,10
Akke,10
Alana,10
Alanda,10
Alena,10
Allia,10
Alliona,10
Alyse,10
Amana,10
Amara,10
Ange,10
Anja,10
Anka,10
Anke,10
Anna,10
Annaatje,10
Anne,10
Anouk,10
Appa,10
Ariana,10
Arrana,10
Assa,10
Asta,10
Astana,10
Astlana,10
Astra,10
Astrana,10
Astrid,10
Beada,10
Beadda,10
Beadra,10
Beamma,10
Beamora,10
Beanda,10
Beanekke,10
Beanna,10
Beanne,10
Beannia,10
Beanukke,10
Bease,10
Beata,10
Beatje,10
Beatta,10
Beaza,10
Beda,10
Bedda,10
Bedra,10
Beeda,10
Beedda,10
Beedra,10
Beemma,10
Beemora,10
Beenda,10
Beenekke,10
Beenna,10
Beenne,10
Beennia,10
Beenukke,10
Beese,10
Beeta,10
Beetje,10
Beetta,10
Beeza,10
Bemma,10
Bemora,10
Benda,10
Benekke,10
Benna,10
Benne,10
Bennia,10
Benukke,10
Bese,10
Beta,10
Betje,10
Betta,10
Beza,10
Bida,10
Bidda,10
Bidra,10
Bimma,10
Bimora,10
Binda,10
Binekke,10
Binna,10
Binne,10
Binnia,10
Binukke,10
Bise,10
Bita,10
Bitje,10
Bitta,10
Biza,10
Bleada,10
Bleadda,10
Bleadra,10
Bleamma,10
Bleamora,10
Bleanda,10
Bleanekke,10
Bleanna,10
Bleanne,10
Bleannia,10
Bleanukke,10
Blease,10
Bleata,10
Bleatje,10
Bleatta,10
Bleaza,10
Bleda,10
Bledda,10
Bledra,10
Bleeda,10
Bleedda,10
Bleedra,10
Bleemma,10
Bleemora,10
Bleenda,10
Bleenekke,10
Bleenna,10
Bleenne,10
Bleennia,10
Bleenukke,10
Bleese,10
Bleeta,10
Bleetje,10
Bleetta,10
Bleeza,10
Blemma,10
Blemora,10
Blenda,10
Blenekke,10
Blenna,10
Blenne,10
Blennia,10
Blenukke,10
Blese,10
Bleta,10
Bletje,10
Bletta,10
Bleza,10
Blida,10
Blidda,10
Blidra,10
Blimma,10
Blimora,10
Blinda,10
Blinekke,10
Blinna,10
Blinne,10
Blinnia,10
Blinukke,10
Blise,10
Blita,10
Blitje,10
Blitta,10
Bliza,10
Blouda,10
Bloudda,10
Bloudra,10
Bloumma,10
Bloumora,10
Blounda,10
Blounekke,10
Blounna,10
Blounne,10
Blounnia,10
Blounukke,10
Blouse,10
Blouta,10
Bloutje,10
Bloutta,10
Blouza,10
Bouda,10
Boudda,10
Boudra,10
Boumma,10
Boumora,10
Bounda,10
Bounekke,10
Bounna,10
Bounne,10
Bounnia,10
Bounukke,10
Bouse,10
Bouta,10
Boutje,10
Boutta,10
Bouza,10
Breada,10
Breadda,10
Breadra,10
Breamma,10
Breamora,10
Breanda,10
Breanekke,10
Breanna,10
Breanne,10
Breannia,10
Breanukke,10
Brease,10
Breata,10
Breatje,10
Breatta,10
Breaza,10
Breda,10
Bredda,10
Bredra,10
Breeda,10
Breedda,10
Breedra,10
Breemma,10
Breemora,10
Breenda,10
Breenekke,10
Breenna,10
Breenne,10
Breennia,10
Breenukke,10
Breese,10
Breeta,10
Breetje,10
Breetta,10
Breeza,10
Bremma,10
Bremora,10
Brenda,10
Brenekke,10
Brenna,10
Brenne,10
Brennia,10
Brenukke,10
Brese,10
Breta,10
Bretje,10
Bretta,10
Breza,10
Brida,10
Bridda,10
Bridra,10
Brimma,10
Brimora,10
Brinda,10
Brinekke,10
Brinna,10
Brinne,10
Brinnia,10
Brinukke,10
Brise,10
Brita,10
Britje,10
Britta,10
Briza,10
Brouda,10
Broudda,10
Broudra,10
Broumma,10
Broumora,10
Brounda,10
Brounekke,10
Brounna,10
Brounne,10
Brounnia,10
Brounukke,10
Brouse,10
Brouta,10
Broutje,10
Broutta,10
Brouza,10
Drada,10
Drakka,10
Dralama,10
Dralanda,10
Dralle,10
Dralliona,10
Dranda,10
Dranekke,10
Drata,10
Dreda,10
Drekka,10
Drelama,10
Drelanda,10
Drelle,10
Drelliona,10
Drenda,10
Drenekke,10
Dreta,10
Drida,10
Drikka,10
Drilama,10
Drilanda,10
Drille,10
Drilliona,10
Drinda,10
Drinekke,10
Drita,10
Droda,10
Drokka,10
Drolama,10
Drolanda,10
Drolle,10
Drolliona,10
Dronda,10
Dronekke,10
Drota,10
Ecetilana,10
Edde,10
Efka,10
Efke,10
Ekke,10
Elana,10
Elanda,10
Elena,10
Ellia,10
Elyse,10
Emana,10
Emara,10
Enge,10
Enja,10
Enka,10
Enke,10
Enna,10
Ennaatje,10
Enne,10
Enouk,10
Eppa,10
Eriana,10
Errana,10
Essa,10
Esta,10
Estana,10
Estlana,10
Estra,10
Estrana,10
Estrid,10
Fraannia,10
Frada,10
Frakka,10
Fralana,10
Fralanda,10
Fralena,10
Fralle,10
Framara,10
Franda,10
Franekke,10
Franikke,10
Franka,10
Franukke,10
Frappa,10
Frarena,10
Frata,10
Fratje,10
Fratsa,10
Freannia,10
Freda,10
Frekka,10
Frela,10
Frelana,10
Frelanda,10
Frelena,10
Frelle,10
Fremara,10
Frenda,10
Frenekke,10
Frenikke,10
Frenka,10
Frenukke,10
Freppa,10
Freta,10
Fretje,10
Fretsa,10
Friannia,10
Frida,10
Frieannia,10
Frieda,10
Friekka,10
Friekke,10
Friela,10
Frielana,10
Frielanda,10
Frielena,10
Frielle,10
Friemara,10
Frienda,10
Frienekke,10
Frienikke,10
Frienka,10
Frienukke,10
Frierena,10
Frieta,10
Frietsa,10
Frikka,10
Frikke,10
Frila,10
Frilana,10
Frilanda,10
Frilena,10
Frinda,10
Frinekke,10
Frinikke,10
Frinka,10
Frinukke,10
Frippa,10
Frirena,10
Frita,10
Fritje,10
Fritsa,10
Froda,10
Frokka,10
Frokke,10
Frola,10
Frolana,10
Frolanda,10
Frolena,10
Frolle,10
Fronda,10
Fronekke,10
Fronukke,10
Frorena,10
Frota,10
Frotje,10
Frotsa,10
Frouannia,10
Frouda,10
Froukka,10
Froukke,10
Froula,10
Froulana,10
Froulena,10
Froulle,10
Froumara,10
Frounikke,10
Frounka,10
Frounukke,10
Frouppa,10
Frourena,10
Frouta,10
Froutje,10
Froutsa,10
Fruannia,10
Fruda,10
Frukka,10
Frukke,10
Frula,10
Frulana,10
Frulanda,10
Frulena,10
Frulle,10
Frunekke,10
Frunikke,10
Frunukke,10
Fruta,10
Frutje,10
Gedde,10
Gefka,10
Gefke,10
Gelana,10
Gellia,10
Gemma,10
Genka,10
Genke,10
Genna,10
Genne,10
Genneke,10
Gennuke,10
Genouka,10
Geppa,10
Geralda,10
Geranda,10
Geranka,10
Gessa,10
Getana,10
Getje,10
Gidde,10
Giedde,10
Giefka,10
Giefke,10
Gielana,10
Giellia,10
Giemma,10
Gienka,10
Gienke,10
Gienna,10
Gienne,10
Gienneke,10
Giennuke,10
Gienouka,10
Gieppa,10
Gieralda,10
Gieranda,10
Gieranka,10
Giessa,10
Gietana,10
Gietje,10
Gifka,10
Gifke,10
Gilana,10
Gillia,10
Gimma,10
Ginka,10
Ginke,10
Ginna,10
Ginne,10
Ginneke,10
Ginnuke,10
Ginouka,10
Gippa,10
Giralda,10
Giranda,10
Giranka,10
Gissa,10
Gitana,10
Gitje,10
Gredde,10
Grefka,10
Grefke,10
Grelana,10
Grellia,10
Gremma,10
Grenka,10
Grenke,10
Grenna,10
Grenne,10
Grenneke,10
Grennuke,10
Grenouka,10
Greppa,10
Greralda,10
Greranda,10
Greranka,10
Gressa,10
Gretana,10
Gretje,10
Gridde,10
Griedde,10
Griefka,10
Griefke,10
Grielana,10
Griellia,10
Grienka,10
Grienke,10
Grienna,10
Grienne,10
Grienneke,10
Griennuke,10
Grienouka,10
Grieppa,10
Grieralda,10
Grieranda,10
Grieranka,10
Griessa,10
Grietana,10
Grietje,10
Grifka,10
Grifke,10
Grilana,10
Grillia,10
Grimma,10
Grinka,10
Grinke,10
Grinne,10
Grinneke,10
Grinnuke,10
Grinouka,10
Grippa,10
Griralda,10
Griranda,10
Griranka,10
Grissa,10
Gritana,10
Gritje,10
Hedde,10
Heedde,10
Heefka,10
Heefke,10
Heella,10
Heelleke,10
Heellena,10
Heellia,10
Heelliona,10
Heelluke,10
Heenka,10
Heenke,10
Heenna,10
Heenne,10
Heenouka,10
Heeppa,10
Heepukke,10
Heeranda,10
Heeranka,10
Heester,10
Heetana,10
Heetsana,10
Heetzana,10
Hefka,10
Hefke,10
Heidde,10
Heifka,10
Heifke,10
Heilla,10
Heillana,10
Heilleke,10
Heillena,10
Heillia,10
Heilliona,10
Heilluke,10
Heinka,10
Heinke,10
Heinna,10
Heinne,10
Heinouka,10
Heippa,10
Heipukke,10
Heiranda,10
Heiranka,10
Heister,10
Heitana,10
Heitsana,10
Heitzana,10
Hella,10
Hellana,10
Helleke,10
Hellena,10
Hellia,10
Helliona,10
Helluke,10
Henka,10
Henke,10
Henna,10
Henne,10
Henouka,10
Heppa,10
Hepukke,10
Heranka,10
Herdde,10
Herfke,10
Herlla,10
Herllana,10
Herlleke,10
Herllena,10
Herllia,10
Herlliona,10
Herlluke,10
Hernka,10
Hernke,10
Hernna,10
Hernne,10
Hernouka,10
Herppa,10
Herpukke,10
Herranda,10
Herranka,10
Herster,10
Hertana,10
Hertsana,10
Hertzana,10
Hester,10
Hetana,10
Hetsana,10
Hetzana,10
Hidde,10
Hifka,10
Hifke,10
Hilla,10
Hillana,10
Hilleke,10
Hillena,10
Hillia,10
Hilliona,10
Hilluke,10
Hinka,10
Hinke,10
Hinna,10
Hinne,10
Hinouka,10
Hippa,10
Hipukke,10
Hiranda,10
Hiranka,10
Hister,10
Hitana,10
Hitsana,10
Hitzana,10
Iakke,10
Ialana,10
Ialanda,10
Ialande,10
Ialena,10
Ialle,10
Iallia,10
Iamma,10
Ianda,10
Ianikke,10
Ianka,10
Ianukke,10
Iapje,10
Iaranda,10
Iarra,10
Iatje,10
Iatta,10
Icetilana,10
Idde,10
Ieda,10
Iekka,10
Iekke,10
Ielanda,10
Ielande,10
Ielena,10
Ielle,10
Iellia,10
Iellie,10
Iemma,10
Ienekke,10
Ienikke,10
Ienka,10
Ienna,10
Ierra,10
Ietta,10
Ifka,10
Ifke,10
Iida,10
Iieda,10
Iiekka,10
Iielana,10
Iielanda,10
Iielande,10
Iielle,10
Iiellia,10
Iiemma,10
Iienda,10
Iienna,10
Iienukke,10
Iiepje,10
Iieranda,10
Iierra,10
Iiesta,10
Iietta,10
Iikka,10
Iikke,10
Iilanda,10
Iilande,10
Iilena,10
Iille,10
Iillia,10
Iillie,10
Iilliona,10
Iimma,10
Iinekke,10
Iinna,10
Iinukke,10
Iirra,10
Iista,10
Iitje,10
Ikke,10
Ilana,10
Ilanda,10
Ilena,10
Illia,10
Illiona,10
Ilyse,10
Imana,10
Imara,10
Inge,10
Inja,10
Inka,10
Inke,10
Inna,10
Innaatje,10
Inouk,10
Ioda,10
Iokka,10
Iolana,10
Iolanda,10
Iolande,10
Iolena,10
Iollia,10
Iomma,10
Ionda,10
Ionekke,10
Ionka,10
Ionna,10
Ionukke,10
Iorra,10
Iosta,10
Ippa,10
Iriana,10
Irrana,10
Issa,10
Ista,10
Istana,10
Istlana,10
Istra,10
Istrana,10
Istrid,10
Iuuda,10
Iuukka,10
Iuulana,10
Iuulena,10
Iuullia,10
Iuulliona,10
Iuumma,10
Iuunda,10
Iuunikke,10
Iuunka,10
Iuunna,10
Iuusta,10
Iuutta,10
Jakka,10
Jalana,10
Jalanda,10
Jalena,10
Jallia,10
Jallie,10
Jalliona,10
Jamma,10
Janda,10
Janekke,10
Janikke,10
Janka,10
Janukke,10
Jaranda,10
Jarra,10
Jatje,10
Jatta,10
Jeda,10
Jekka,10
Jekke,10
Jelana,10
Jelanda,10
Jelande,10
Jelena,10
Jellia,10
Jellie,10
Jelliona,10
Jemma,10
Jenda,10
Jenekke,10
Jenikke,10
Jenka,10
Jenukke,10
Jepje,10
Jerra,10
Jesta,10
Jetje,10
Jieda,10
Jiekka,10
Jiekke,10
Jielanda,10
Jielande,10
Jielena,10
Jielle,10
Jiellia,10
Jiellie,10
Jielliona,10
Jiemma,10
Jienda,10
Jienekke,10
Jienikke,10
Jienka,10
Jienukke,10
Jiepje,10
Jieranda,10
Jierra,10
Jietje,10
Jikka,10
Jilana,10
Jilande,10
Jilena,10
Jille,10
Jilliona,10
Jimma,10
Jinekke,10
Jinikke,10
Jinukke,10
Jipje,10
Jiranda,10
Jirra,10
Jitta,10
Joda,10
Jokke,10
Jolana,10
Jolanda,10
Jollia,10
Jollie,10
Jomma,10
Jonda,10
Jonekke,10
Jonikke,10
Jopje,10
Joranda,10
Jorra,10
Josta,10
Juuda,10
Juukka,10
Juukke,10
Juulana,10
Juulanda,10
Juulande,10
Juulena,10
Juulle,10
Juullia,10
Juullie,10
Juulliona,10
Juumma,10
Juunda,10
Juunekke,10
Juunikke,10
Juunka,10
Juunna,10
Juunukke,10
Juupje,10
Juuranda,10
Juurra,10
Juutta,10
Laannia,10
Lada,10
Lakka,10
Lakke,10
Lala,10
Lalama,10
Lalana,10
Lalanda,10
Lalle,10
Lalliona,10
Lamara,10
Landa,10
Lanekke,10
Lanikke,10
Lanka,10
Lappa,10
Lata,10
Latje,10
Latsa,10
Leannia,10
Leda,10
Leedra,10
Leekka,10
Leekke,10
Leenekke,10
Leenikke,10
Leenka,10
Leenukke,10
Leep,10
Leeranda,10
Leerena,10
Leesje,10
Leetje,10
Lekka,10
Lela,10
Lelama,10
Lelana,10
Lelanda,10
Lelena,10
Lelle,10
Lelliona,10
Lemara,10
Lenda,10
Lenekke,10
Lenikke,10
Lenka,10
Lenukke,10
Lerena,10
Leta,10
Letje,10
Letsa,10
Lida,10
Lidra,10
Lieannia,10
Lieda,10
Liedra,10
Liekka,10
Liekke,10
Liela,10
Lielana,10
Lielanda,10
Lielena,10
Lielle,10
Lienda,10
Lienikke,10
Lienka,10
Lienukke,10
Liep,10
Lieppa,10
Lieranda,10
Lierena,10
Liesje,10
Lieta,10
Lietje,10
Lietsa,10
Likka,10
Likke,10
Lila,10
Lilama,10
Lilana,10
Lilanda,10
Lilena,10
Lille,10
Lilliona,10
Limara,10
Linda,10
Linekke,10
Linikke,10
Linka,10
Linukke,10
Lip,10
Lippa,10
Liranda,10
Lirena,10
Lisje,10
Lita,10
Litje,10
Litsa,10
Loannia,10
Loda,10
Loedra,10
Loekka,10
Loekke,10
Loenda,10
Loenekke,10
Loenikke,10
Loenka,10
Loenukke,10
Loep,10
Loeranda,10
Loesje,10
Loetje,10
Lokka,10
Lola,10
Lolama,10
Lolana,10
Lolanda,10
Lolena,10
Lolle,10
Lolliona,10
Lomara,10
Londa,10
Lonekke,10
Lonikke,10
Lonka,10
Lonukke,10
Lop,10
Loppa,10
Loranda,10
Lorena,10
Losje,10
Lota,10
Lotje,10
Lotsa,10
Louda,10
Loukka,10
Loukke,10
Loula,10
Loulana,10
Loulena,10
Loulle,10
Loumara,10
Lounda,10
Lounikke,10
Lounka,10
Lounukke,10
Louppa,10
Lourena,10
Louta,10
Loutje,10
Loutsa,10
Luannia,10
Luda,10
Lukka,10
Lukke,10
Lulana,10
Lulanda,10
Lulena,10
Lulle,10
Lunda,10
Lunekke,10
Lunikke,10
Lunka,10
Lunukke,10
Luppa,10
Lurena,10
Luta,10
Lutje,10
Lutsa,10
Mada,10
Makke,10
Malana,10
Malanda,10
Malande,10
Malena,10
Malle,10
Mallia,10
Mamma,10
Manda,10
Manekke,10
Manikke,10
Manka,10
Manna,10
Manukke,10
Mapje,10
Maranda,10
Matta,10
Meedra,10
Meekka,10
Meekke,10
Meenda,10
Meenekke,10
Meenikke,10
Meenka,10
Meenukke,10
Meep,10
Meeranda,10
Meerena,10
Meesje,10
Meetje,10
Mekke,10
Melana,10
Melena,10
Mellia,10
Melliona,10
Memma,10
Menekke,10
Menikke,10
Menka,10
Mepje,10
Merra,10
Metta,10
Mida,10
Midra,10
Miedra,10
Miekka,10
Miekke,10
Mielanda,10
Mielande,10
Mielena,10
Miellia,10
Miellie,10
Mielliona,10
Miemma,10
Mienda,10
Mienekke,10
Mienikke,10
Mienka,10
Mienukke,10
Miep,10
Mieranda,10
Mierena,10
Mierra,10
Miesje,10
Mietje,10
Mikka,10
Mikke,10
Milande,10
Millie,10
Milliona,10
Mimma,10
Minda,10
Minekke,10
Minikke,10
Minka,10
Minna,10
Minukke,10
Mip,10
Mipje,10
Miranda,10
Mirena,10
Mirra,10
Misje,10
Mitje,10
Moda,10
Modra,10
Moedra,10
Moekka,10
Moekke,10
Moenda,10
Moenekke,10
Moenikke,10
Moenka,10
Moenukke,10
Moep,10
Moeranda,10
Moerena,10
Moesje,10
Moetje,10
Mokka,10
Mokke,10
Molana,10
Molanda,10
Mollie,10
Molliona,10
Momma,10
Monda,10
Monekke,10
Monikke,10
Monka,10
Monna,10
Monukke,10
Mop,10
Moranda,10
Morena,10
Morra,10
Mosje,10
Mosta,10
Motje,10
Motta,10
Muukke,10
Muulanda,10
Muulande,10
Muulena,10
Muullia,10
Muulliona,10
Muumma,10
Muunda,10
Muunekke,10
Muunka,10
Muunna,10
Muunukke,10
Muupje,10
Muurra,10
Muutta,10
Nakka,10
Nakke,10
Nalena,10
Nammeke,10
Nana,10
Nanda,10
Nanekke,10
Nanikke,10
Naninka,10
Nanka,10
Nantje,10
Nanukke,10
Narrada,10
Nokka,10
Nokke,10
Nolena,10
Nommeke,10
Nona,10
Nonda,10
Nonekke,10
Nonikke,10
Noninka,10
Nonka,10
Nontje,10
Nonukke,10
Norrada,10
Ocetilana,10
Odde,10
Ofka,10
Ofke,10
Okke,10
Olanda,10
Olena,10
Ollia,10
Olliona,10
Olyse,10
Omana,10
Omara,10
Onge,10
Onka,10
Onke,10
Onna,10
Onnaatje,10
Onne,10
Onouk,10
Oppa,10
Oriana,10
Orrana,10
Ossa,10
Osta,10
Ostana,10
Ostlana,10
Ostra,10
Ostrana,10
Ostrid,10
Pakka,10
Palana,10
Palliona,10
Pamma,10
Pammeke,10
Panda,10
Panekke,10
Panikke,10
Paninka,10
Panka,10
Panna,10
Panukke,10
Pappa,10
Parra,10
Pasje,10
Patje,10
Peekke,10
Peelana,10
Peelena,10
Peelliona,10
Peema,10
Peemma,10
Peemmeke,10
Peenekke,10
Peenikke,10
Peeninka,10
Peenka,10
Peenna,10
Peenukke,10
Peeppa,10
Peerra,10
Peesje,10
Piekka,10
Piekke,10
Pielana,10
Pielena,10
Piema,10
Piemma,10
Piemmeke,10
Pienekke,10
Pienikke,10
Pieninka,10
Pienka,10
Pienna,10
Pieppa,10
Pierra,10
Piesje,10
Pietje,10
Pikka,10
Pikke,10
Pilana,10
Pilena,10
Pilliona,10
Pima,10
Pimma,10
Pinda,10
Pinekke,10
Pinikke,10
Pininka,10
Pinka,10
Pinukke,10
Pippa,10
Pitje,10
Plakke,10
Plalana,10
Plalena,10
Plalliona,10
Plama,10
Plamma,10
Plammeke,10
Planda,10
Planekke,10
Planikke,10
Planinka,10
Planka,10
Planna,10
Planukke,10
Plarra,10
Platje,10
Pleekka,10
Pleekke,10
Pleelana,10
Pleelena,10
Pleema,10
Pleemma,10
Pleemmatje,10
Pleemmeke,10
Pleenda,10
Pleenikke,10
Pleeninka,10
Pleenka,10
Pleenna,10
Pleeppa,10
Pleerra,10
Pleesje,10
Pleetje,10
Pliekka,10
Pliekke,10
Plielana,10
Plielena,10
Plielliona,10
Pliemmatje,10
Pliemmeke,10
Plienda,10
Plienekke,10
Plienikke,10
Plienka,10
Plienukke,10
Pliesje,10
Plietje,10
Plikka,10
Plilana,10
Plilena,10
Plilliona,10
Plimmatje,10
Plimmeke,10
Plinda,10
Plinekke,10
Plinikke,10
Plinka,10
Plinna,10
Plinukke,10
Plippa,10
Plirra,10
Plisje,10
Plitje,10
Ploekke,10
Ploelana,10
Ploelliona,10
Ploema,10
Ploemmatje,10
Ploemmeke,10
Ploenda,10
Ploenekke,10
Ploenikke,10
Ploeninka,10
Ploenna,10
Ploenukke,10
Ploerra,10
Ploesje,10
Ploetje,10
Plokka,10
Plokke,10
Plolana,10
Plomma,10
Plommeke,10
Plonda,10
Plonekke,10
Plonikke,10
Ploninka,10
Plonka,10
Plonna,10
Plonukke,10
Ploppa,10
Plorra,10
Plosje,10
Plotje,10
Poekka,10
Poelana,10
Poelena,10
Poema,10
Poemma,10
Poemmatje,10
Poemmeke,10
Poenda,10
Poenekke,10
Poenikke,10
Poeninka,10
Poenka,10
Poenna,10
Poeppa,10
Poerra,10
Poesje,10
Poetje,10
Pokka,10
Pokke,10
Polana,10
Polliona,10
Poma,10
Pomma,10
Ponda,10
Ponekke,10
Ponikke,10
Poninka,10
Ponka,10
Ponukke,10
Porra,10
Potje,10
Prakka,10
Prakke,10
Pralana,10
Pralena,10
Pralliona,10
Prama,10
Pramma,10
Prammeke,10
Pranda,10
Pranekke,10
Praninka,10
Pranka,10
Pranna,10
Pranukke,10
Prarra,10
Prasje,10
Pratje,10
Preekka,10
Preekke,10
Preelana,10
Preelena,10
Preelliona,10
Preema,10
Preemma,10
Preemmatje,10
Preemmeke,10
Preenda,10
Preenekke,10
Preeninka,10
Preenna,10
Preenukke,10
Preeppa,10
Preerra,10
Preetje,10
Priekka,10
Prielana,10
Prielena,10
Prielliona,10
Priema,10
Priemma,10
Priemmatje,10
Prienda,10
Prienekke,10
Prienikke,10
Prieninka,10
Prienka,10
Prienukke,10
Prieppa,10
Priesje,10
Prietje,10
Prikke,10
Prilana,10
Prilena,10
Prima,10
Prinda,10
Prinekke,10
Prinna,10
Prippa,10
Prirra,10
Pritje,10
Proekke,10
Proelana,10
Proelena,10
Proelliona,10
Proemmatje,10
Proemmeke,10
Proenda,10
Proenekke,10
Proenikke,10
Proeninka,10
Proenka,10
Proenna,10
Proenukke,10
Proeppa,10
Proerra,10
Proesje,10
Proetje,10
Prokka,10
Prokke,10
Prolana,10
Prolena,10
Proma,10
Promma,10
Prommatje,10
Prommeke,10
Pronekke,10
Pronikke,10
Proninka,10
Pronna,10
Pronukke,10
Proppa,10
Prorra,10
Prosje,10
Protje,10
Radalana,10
Radalena,10
Raka,10
Rakka,10
Rakke,10
Ralanda,10
Ralena,10
Ralesa,10
Ralla,10
Rallia,10
Ralliona,10
Ramma,10
Rana,10
Randa,10
Ranekke,10
Ranka,10
Ranukke,10
Rapinka,10
Rappa,10
Rasje,10
Rassa,10
Ridalana,10
Ridalena,10
Rika,10
Rikka,10
Rikke,10
Rilanda,10
Rilena,10
Rilesa,10
Rilla,10
Rillia,10
Rilliona,10
Rimma,10
Rina,10
Rinda,10
Rinekke,10
Rinka,10
Rinukke,10
Ripinka,10
Rippa,10
Risje,10
Rissa,10
Rodalana,10
Rodalena,10
Roedalana,10
Roedalena,10
Roeka,10
Roekka,10
Roekke,10
Roelanda,10
Roelena,10
Roelesa,10
Roella,10
Roellia,10
Roelliona,10
Roemma,10
Roena,10
Roenda,10
Roenekke,10
Roenka,10
Roenukke,10
Roepinka,10
Roeppa,10
Roesje,10
Roessa,10
Roka,10
Rokka,10
Rokke,10
Rolanda,10
Rolena,10
Rolesa,10
Rolla,10
Rollia,10
Rolliona,10
Romma,10
Rona,10
Ronda,10
Ronekke,10
Ronka,10
Ronukke,10
Ropinka,10
Roppa,10
Rosje,10
Rossa,10
Sakka,10
Salamanka,10
Sallia,10
Sally,10
Sanda,10
Sanny,10
Sanukke,10
Sappa,10
Sara,10
Sarra,10
Sasje,10
Seda,10
Seka,10
Sekka,10
Sekke,10
Sela,10
Selana,10
Sellia,10
Selliona,10
Selly,10
Sena,10
Senda,10
Senekke,10
Senka,10
Senny,10
Senukke,10
Seppa,10
Sese,10
Sika,10
Sila,10
Silamanka,10
Silanda,10
Silliona,10
Silly,10
Sinda,10
Sindi,10
Sinekke,10
Sinka,10
Sinny,10
Sinukke,10
Sippa,10
Sise,10
Slada,10
Slakka,10
Slakke,10
Slalamanka,10
Slalanda,10
Slalliona,10
Slana,10
Slanda,10
Slandi,10
Slanekke,10
Slanka,10
Slanny,10
Slanukke,10
Slappa,10
Slara,10
Sleda,10
Sleka,10
Slekka,10
Slekke,10
Slela,10
Slelamanka,10
Slelana,10
Slelly,10
Slena,10
Slenda,10
Slendi,10
Slenukke,10
Slera,10
Slesje,10
Sletada,10
Sletaka,10
Sletakke,10
Sletala,10
Sletalamanka,10
Sletalanda,10
Sletallia,10
Sletalliona,10
Sletanda,10
Sletandi,10
Sletanekke,10
Sletappa,10
Sletara,10
Sletarra,10
Sletasje,10
Sleteka,10
Sletela,10
Sletelamanka,10
Sletelana,10
Sletellia,10
Sletelliona,10
Sletena,10
Sletera,10
Sleterra,10
Sletesje,10
Sletida,10
Sletika,10
Sletila,10
Sletilamanka,10
Sletilana,10
Sletilanda,10
Sletilesa,10
Sletillia,10
Sletilly,10
Sletina,10
Sletinda,10
Sletinny,10
Sletoda,10
Sletoeda,10
Sletoekke,10
Sletoela,10
Sletoelamanka,10
Sletoelesa,10
Sletoellia,10
Sletoenda,10
Sletoende,10
Sletoendi,10
Sletoenekke,10
Sletoenukke,10
Sletoeppa,10
Sletoerra,10
Sletoese,10
Sletoka,10
Sletokka,10
Sletolana,10
Sletolanda,10
Sletolesa,10
Sletonekke,10
Sletonka,10
Sletonukke,10
Sletora,10
Sletorra,10
Sletose,10
Sletuda,10
Sletula,10
Sletullia,10
Sletunda,10
Sletundi,10
Sletunka,10
Sletunny,10
Sletunukke,10
Sleturra,10
Sletuse,10
Sletusje,10
Slikka,10
Slikke,10
Slila,10
Slilana,10
Slilliona,10
Slina,10
Slinda,10
Slinde,10
Slinekke,10
Slinka,10
Slippa,10
Slira,10
Slirra,10
Slisje,10
Sloeka,10
Sloekka,10
Sloela,10
Sloelanda,10
Sloelesa,10
Sloenda,10
Sloendi,10
Sloenekke,10
Sloeppa,10
Sloera,10
Sloerra,10
Sloese,10
Sloesje,10
Sloka,10
Slokke,10
Slola,10
Slolana,10
Slollia,10
Slolliona,10
Slolly,10
Slona,10
Slonda,10
Sloppa,10
Slora,10
Slorra,10
Slosje,10
Sluka,10
Slukke,10
Slula,10
Slulamanka,10
Slullia,10
Slulliona,10
Sluna,10
Slunda,10
Slunde,10
Slundi,10
Slunekke,10
Slunny,10
Sluppa,10
Slurra,10
Sluse,10
Soda,10
Soela,10
Soelamanka,10
Soellia,10
Soelly,10
Soende,10
Soendi,10
Soenekke,10
Soenukke,10
Soera,10
Soesje,10
Solamanka,10
Solana,10
Solanda,10
Solesa,10
Solliona,10
Sonda,10
Sonde,10
Sondi,10
Sonekke,10
Sonny,10
Sorra,10
Spaka,10
Spala,10
Spalana,10
Spallia,10
Spally,10
Spanda,10
Spande,10
Spandi,10
Spanny,10
Spappa,10
Sparra,10
Spase,10
Spekke,10
Spela,10
Spelamanka,10
Spelly,10
Spendi,10
Spenekke,10
Spenny,10
Spenukke,10
Spera,10
Spese,10
Spilamanka,10
Spilanda,10
Spillia,10
Spina,10
Spinda,10
Spinde,10
Spindi,10
Spinekke,10
Spinka,10
Spinukke,10
Spira,10
Spirra,10
Spoda,10
Spoeda,10
Spoeka,10
Spoekka,10
Spoekke,10
Spoelesa,10
Spoellia,10
Spoenda,10
Spoende,10
Spoenka,10
Spoenny,10
Spoese,10
Spoka,10
Spolana,10
Spolanda,10
Spolesa,10
Spollia,10
Sponda,10
Sponekke,10
Spose,10
Spula,10
Spulliona,10
Spunde,10
Spunny,10
Spuppa,10
Spuse,10
Spusje,10
Suda,10
Suka,10
Sukka,10
Sulamanka,10
Sulana,10
Sully,10
Suna,10
Sunda,10
Sunekke,10
Sunukke,10
Sura,10
Surra,10
Susje,10
Takka,10
Takke,10
Talana,10
Tallia,10
Talliona,10
Tally,10
Tanda,10
Tanka,10
Tanna,10
Tanne,10
Tannike,10
Tas,10
Tase,10
Tasje,10
Tast,10
Tasta,10
Tekka,10
Tekke,10
Telana,10
Telliona,10
Telly,10
Tenda,10
Tenka,10
Tenna,10
Tenne,10
Tennike,10
Tennuke,10
Tepka,10
Teppa,10
Tese,10
Tesje,10
Test,10
Tikka,10
Tikke,10
Tilana,10
Tillia,10
Tilly,10
Tinka,10
Tinna,10
Tinne,10
Tinnike,10
Tinnuke,10
Tis,10
Tise,10
Tisje,10
Tist,10
Tista,10
Toelana,10
Toellia,10
Toelliona,10
Toelly,10
Toenda,10
Toenka,10
Toenne,10
Toennike,10
Toennuke,10
Toepka,10
Toeppa,10
Toes,10
Toesje,10
Toesta,10
Tokka,10
Tokke,10
Tolana,10
Tollia,10
Tolliona,10
Tolly,10
Tonka,10
Tonna,10
Tonnike,10
Tonnuke,10
Topka,10
Toppa,10
Tos,10
Tose,10
Tosje,10
Tost,10
Tosta,10
Trakka,10
Trakke,10
Tralana,10
Trallia,10
Tralliona,10
Trally,10
Tranda,10
Tranka,10
Tranna,10
Tranne,10
Trannuke,10
Trapka,10
Trappa,10
Tras,10
Trasje,10
Trast,10
Trekka,10
Trekke,10
Trelana,10
Trellia,10
Trelliona,10
Trenda,10
Trenna,10
Trenne,10
Trennike,10
Trennuke,10
Trepka,10
Treppa,10
Tres,10
Tresje,10
Trest,10
Tresta,10
Trikka,10
Trikke,10
Trilana,10
Trillia,10
Trilliona,10
Trilly,10
Trinda,10
Trinna,10
Trinne,10
Trinnike,10
Trinnuke,10
Tripka,10
Trippa,10
Tris,10
Trise,10
Trista,10
Troekka,10
Troekke,10
Troelana,10
Troellia,10
Troelliona,10
Troelly,10
Troenda,10
Troenka,10
Troenna,10
Troenne,10
Troennike,10
Troennuke,10
Troepka,10
Troeppa,10
Troes,10
Troese,10
Troesje,10
Troest,10
Troesta,10
Trokka,10
Trokke,10
Trolana,10
Trollia,10
Trolliona,10
Tronda,10
Tronka,10
Tronna,10
Tronnike,10
Tronnuke,10
Tropka,10
Troppa,10
Tros,10
Trose,10
Trosje,10
Trost,10
Trosta,10
Trukka,10
Trukke,10
Trullia,10
Trulliona,10
Trully,10
Trunka,10
Trunna,10
Trunne,10
Trunnike,10
Trunnuke,10
Trupka,10
Truppa,10
Truse,10
Trusje,10
Trust,10
Truukka,10
Truukke,10
Truulana,10
Truullia,10
Truully,10
Truunda,10
Truunka,10
Truunna,10
Truunne,10
Truunnike,10
Truunnuke,10
Truupka,10
Truuppa,10
Truus,10
Truuse,10
Truust,10
Truusta,10
Tukka,10
Tulana,10
Tullia,10
Tulliona,10
Tunda,10
Tunka,10
Tunne,10
Tunnike,10
Tupka,10
Tus,10
Tuse,10
Tusje,10
Tust,10
Tusta,10
Tuukke,10
Tuulana,10
Tuulliona,10
Tuully,10
Tuunda,10
Tuunka,10
Tuunna,10
Tuunne,10
Tuunnike,10
Tuunnuke,10
Tuuppa,10
Tuus,10
Tuuse,10
Tuusje,10
Tuust,10
Tuusta,10
Vakka,10
Vakke,10
Valana,10
Vally,10
Valona,10
Vanda,10
Vanka,10
Vanna,10
Vanne,10
Vannike,10
Vannuke,10
Vanouka,10
Vapka,10
Vappa,10
Varrana,10
Vase,10
Vasje,10
Vasta,10
Vekka,10
Vekke,10
Velana,10
Velly,10
Velona,10
Venda,10
Venka,10
Venna,10
Venne,10
Vennike,10
Vennuke,10
Venouka,10
Vepka,10
Veppa,10
Verrana,10
Vese,10
Vesje,10
Vesta,10
Vikka,10
Vikke,10
Vilana,10
Villy,10
Vilona,10
Vinda,10
Vinka,10
Vinna,10
Vinne,10
Vinnike,10
Vinnuke,10
Vinouka,10
Vippa,10
Virrana,10
Vise,10
Visje,10
Vista,10
Vrakka,10
Vrakke,10
Vralana,10
Vrally,10
Vralona,10
Vranda,10
Vranka,10
Vranna,10
Vranne,10
Vrannike,10
Vrannuke,10
Vranouka,10
Vrapka,10
Vrappa,10
Vrarrana,10
Vrase,10
Vrasje,10
Vrasta,10
Vrekka,10
Vrekke,10
Vrelana,10
Vrelly,10
Vrelona,10
Vrenda,10
Vrenka,10
Vrenna,10
Vrenne,10
Vrennike,10
Vrennuke,10
Vrenouka,10
Vrepka,10
Vreppa,10
Vrerrana,10
Vrese,10
Vresje,10
Vresta,10
Vrikka,10
Vrikke,10
Vrilana,10
Vrilly,10
Vrilona,10
Vrinda,10
Vrinka,10
Vrinna,10
Vrinne,10
Vrinnike,10
Vrinnuke,10
Vrinouka,10
Vripka,10
Vrippa,10
Vrirrana,10
Vrise,10
Vrisje,10
Wachta,10
Wakka,10
Wakke,10
Walana,10
Wallia,10
Wally,10
Wanda,10
Wanka,10
Wanna,10
Wanne,10
Wannia,10
Wannike,10
Wannuke,10
Wanouka,10
Wapka,10
Wappa,10
Waranda,10
Warra,10
Wase,10
Wasje,10
Wasse,10
Wasta,10
Wazsana,10
Wechta,10
Wekka,10
Welana,10
Wellia,10
Welly,10
Wenda,10
Wenka,10
Wenna,10
Wenne,10
Wennia,10
Wennike,10
Wennuke,10
Wenouka,10
Wepka,10
Weppa,10
Weranda,10
Werra,10
Wese,10
Wesje,10
Wesse,10
Westa,10
Wezsana,10
Wichta,10
Wikka,10
Wikke,10
Wilana,10
Willia,10
Willy,10
Winda,10
Winka,10
Winna,10
Winne,10
Winnia,10
Winnike,10
Winnuke,10
Winouka,10
Wipka,10
Wippa,10
Wiranda,10
Wirra,10
Wise,10
Wisje,10
Wisse,10
Wista,10
Wizsana,10
Wochta,10
Wokka,10
Wokke,10
Wolana,10
Wollia,10
Wolly,10
Wonda,10
Wonka,10
Wonna,10
Wonne,10
Wonnia,10
Wonnike,10
Wonnuke,10
Wonouka,10
Wopka,10
Woppa,10
Woranda,10
Worra,10
Wose,10
Wosje,10
Wosse,10
Wosta,10
Wozsana,10
Zadde,10
Zafka,10
Zafke,10
Zalamanka,10
Zalana,10
Zange,10
Zanja,10
Zanka,10
Zanke,10
Zanna,10
Zanne,10
Zappa,10
Zaranda,10
Zaranka,10
Zarrana,10
Zatana,10
Zatona,10
Zedde,10
Zefka,10
Zefke,10
Zelamanka,10
Zelana,10
Zenge,10
Zenja,10
Zenka,10
Zenna,10
Zenouka,10
Zeppa,10
Zeranda,10
Zeranka,10
Zerrana,10
Zetana,10
Zetona,10
Zifka,10
Zifke,10
Zilamanka,10
Zilana,10
Zinge,10
Zinja,10
Zinka,10
Zinke,10
Zinna,10
Zinouka,10
Zippa,10
Ziranda,10
Ziranka,10
Zirrana,10
Zitana,10
Zitona,10
Zladde,10
Zlafka,10
Zlafke,10
Zlalamanka,10
Zlalana,10
Zlange,10
Zlanja,10
Zlanka,10
Zlanke,10
Zlanna,10
Zlanne,10
Zlanouka,10
Zlappa,10
Zlaranda,10
Zlaranka,10
Zlarrana,10
Zlataka,10
Zlatakke,10
Zlatala,10
Zlatalesa,10
Zlatalliona,10
Zlatally,10
Zlatana,10
Zlatanda,10
Zlatande,10
Zlatanka,10
Zlatanukke,10
Zlatappa,10
Zlatarra,10
Zlatela,10
Zlatelesa,10
Zlatelliona,10
Zlatena,10
Zlatende,10
Zlatenekke,10
Zlatenny,10
Zlatenukke,10
Zlateppa,10
Zlatida,10
Zlatika,10
Zlatila,10
Zlatilana,10
Zlatilanda,10
Zlatilesa,10
Zlatillia,10
Zlatilliona,10
Zlatilly,10
Zlatindi,10
Zlatinka,10
Zlatinukke,10
Zlatirra,10
Zlatise,10
Zlatoeda,10
Zlatoekke,10
Zlatoela,10
Zlatoelamanka,10
Zlatoelesa,10
Zlatoelliona,10
Zlatoelly,10
Zlatoenekke,10
Zlatoenny,10
Zlatoenukke,10
Zlatoeppa,10
Zlatoerra,10
Zlatoesje,10
Zlatoka,10
Zlatolesa,10
Zlatollia,10
Zlatolliona,10
Zlatona,10
Zlatonda,10
Zlatonde,10
Zlatondi,10
Zlatonukke,10
Zlatorra,10
Zlatuka,10
Zlatukka,10
Zlatukke,10
Zlatula,10
Zlatulamanka,10
Zlatulana,10
Zlatullia,10
Zlatuna,10
Zlatunda,10
Zlatunde,10
Zlatunukke,10
Zlatura,10
Zlatusje,10
Zledde,10
Zlefka,10
Zlefke,10
Zlelamanka,10
Zlelana,10
Zlenge,10
Zlenja,10
Zlenka,10
Zlenke,10
Zlenna,10
Zlenne,10
Zlenouka,10
Zleppa,10
Zleranda,10
Zlerrana,10
Zletana,10
Zletona,10
Zlidde,10
Zlifka,10
Zlilamanka,10
Zlilana,10
Zlinge,10
Zlinja,10
Zlinka,10
Zlinke,10
Zlinne,10
Zlinouka,10
Zlippa,10
Zliranda,10
Zliranka,10
Zlirrana,10
Zlitana,10
Zlitona,10
Zlodde,10
Zlolamanka,10
Zlolana,10
Zlonge,10
Zlonja,10
Zlonka,10
Zlonke,10
Zlonne,10
Zlonouka,10
Zloppa,10
Zloranda,10
Zloranka,10
Zlorrana,10
Zlotana,10
Zlotona,10
Zlufke,10
Zlulana,10
Zlunge,10
Zlunja,10
Zlunka,10
Zlunke,10
Zlunna,10
Zlunne,10
Zlunouka,10
Zluppa,10
Zluranda,10
Zluranka,10
Zlurrana,10
Zlutana,10
Zlutona,10
Zodde,10
Zofka,10
Zofke,10
Zolamanka,10
Zolana,10
Zonge,10
Zonja,10
Zonka,10
Zonke,10
Zonna,10
Zonne,10
Zonouka,10
Zoppa,10
Zoranda,10
Zoranka,10
Zorrana,10
Zotana,10
Zotona,10
Zufka,10
Zufke,10
Zulamanka,10
Zulana,10
Zunge,10
Zunja,10
Zunka,10
Zunke,10
Zunna,10
Zunne,10
Zunouka,10
Zuppa,10
Zuranda,10
Zuranka,10
Zurrana,10
Zutana,10
Zutona,10
