Aachte,10
Aad,10
Aaf,10
Aafko,10
Aai,10
Aaielt,10
Aaike,10
Aaildert,10
Aailert,10
Aailt,10
Aaiolt,10
Aaite,10
Aaize,10
Aalbert,10
Aalderd,10
Aalderik,10
Aalderk,10
Aaldert,10
Aaldrik,10
Aalje,10
Aalk,10
Aalse,10
Aalt,10
Aaltienus,10
Aalzen,10
Aanke,10
Aant,10
Aard,10
Aarke,10
Aarn,10
Aarnoud,10
Aarnout,10
Aaron,10
Aart,10
Aart-Jan,10
Aat,10
Aauwke,10
Ab,10
Abadiaha,10
Abbe,10
Abbo,10
Abdias,10
Abdoel,10
Abdoellah,10
Abdoul,10
Abdoulah,10
Abdoulaye,10
Abdul,10
Abdul-Jabar,10
Abdulla,10
Abdullah,10
Abe,10
Abel,10
Abele,10
Abelone,10
Abeltje,10
Abhartach,10
Abi,10
Abich,10
Abke,10
Abner,10
Abo,10
Abraham,10
Abrahán,10
Abram,10
Abramo,10
Abrán,10
Abry,10
Abs,10
Aby,10
Abyote,10
Aca,10
Acco,10
Ace,10
Achaz,10
Acheloös,10
Achiel,10
Achille,10
Achilles,10
Achilleus,10
Achillus,10
Achior,10
Achmed,10
Achraf,10
Acronius,10
Ad,10
Adair,10
Adalar,10
Adalbert,10
Adam,10
Adamo,10
Adamus,10
Adde,10
Addick,10
Addie,10
Addik,10
Addike,10
Addis,10
Addison,10
Addo,10
Ade,10
Adé,10
Adel,10
Adelaar,10
Adelain,10
Adelbert,10
Adelbrand,10
Adelbrecht,10
Adelburg,10
Adelhard,10
Adelhart,10
Adelin,10
Adelland,10
Adelmar,10
Adelrik,10
Adelwald,10
Adelwalt,10
Adelwijn,10
Adem,10
Ademaro,10
Ademo,10
Aden,10
Adeodato,10
Aderick,10
Aderik,10
Ades,10
Adger,10
Adhamhnan,10
Adik,10
Adil,10
Adilson,10
Adin,10
Adio,10
Adir,10
Adjan,10
Adjay,10
Adje,10
Adlar,10
Admon,10
Adnan,10
Adne,10
Adney,10
Ado,10
Adolf,10
Adolfo,10
Adolph,10
Adolphe,10
Adon,10
Adonis,10
Adrastos,10
Adrew,10
Adri,10
Adriaan,10
Adriaantje,10
Adriaen,10
Adrian,10
Adrianius,10
Adriano,10
Adrianus,10
Adrie,10
Adries,10
Adry,10
Adryon,10
Adse,10
Adsje,10
Adwin,10
Adzard,10
Adzer,10
Aebe,10
Aebel,10
Aedan,10
Aeden,10
Aedil,10
Aef,10
Aeger,10
Aegidius,10
Aeije,10
Aeijolt,10
Aeike,10
Aeiko,10
Aeilt,10
Aeiold,10
Aeisso,10
Aeldert,10
Aelssen,10
Aelt,10
Aelwyn,10
Aem,10
Aemeling,10
Aemilius,10
Aendrik,10
Aeneas,10
Aengus,10
Aerde,10
Aerjen,10
Aerke,10
Aern,10
Aernold,10
Aernout,10
Aernt,10
Aert,10
Aerte,10
Afgaritano,10
Afonso,10
Afton,10
Age,10
Agenoor,10
Agge,10
Aghy,10
Agilbert,10
Agim,10
Aginhari,10
Agmund,10
Agnar,10
Ago,10
Agostin,10
Agus,10
Ahmad,10
Ahmed,10
Ahmet,10
Ahran,10
Aias,10
Aibel,10
Aichlinn,10
Aico,10
Aidan,10
Aide,10
Aiden,10
Aido,10
Aienius,10
Aietes,10
Aigus,10
Aijeld,10
Aijolt,10
Aike,10
Aiken,10
Aikenius,10
Aiko,10
Ailbe,10
Ailbhe,10
Ailbhis,10
Aile,10
Ailill,10
Ailin,10
Ailje,10
Ailke,10
Ailko,10
Aiman,10
Aime,10
Aimirgin,10
Aineias,10
Ainle,10
Ainmire,10
Ainsley,10
Aiold,10
Aiolos,10
Aiso,10
Aisso,10
Ait,10
Aite,10
Aito,10
Aitse,10
Aitze,10
Aize,10
Aizo,10
Ajax,10
Ajay,10
Ajeld,10
Ajolt,10
Ajoy,10
Akbar,10
Ake,10
Akif,10
Akim,10
Akira,10
Akis,10
Akke,10
Akko,10
Akram,10
Akrisios,10
Aksel,10
Aktaison,10
Al,10
Aladar,10
Alain,10
Alajos,10
Alan,10
Aland,10
Alano,10
Alant,10
Alard,10
Alastair,10
Alastar,10
Alastor,10
Alban,10
Albanus,10
Albart,10
Alber,10
Albéric,10
Alberich,10
Alberico,10
Alberik,10
Albert,10
Albertin,10
Albertino,10
Albert-Jan,10
Albert-John,10
Alberto,10
Albertus,10
Albin,10
Albot,10
Albrekt,10
Alcindo,10
Alco,10
Alde,10
Aldemar,10
Alderik,10
Alderk,10
Aldert,10
Aldo,10
Aldon,10
Aldous,10
Aldrick,10
Aldridge,10
Aldrin,10
Aldwin,10
Ale,10
Aleandro,10
Alec,10
Alef,10
Alejandro,10
Alek,10
Alekos,10
Aleks,10
Aleksander,10
Aleksandr,10
Aleksi,10
Alemondo,10
Alend,10
Alert,10
Alesander,10
Alesio,10
Alessandro,10
Alessio,10
Alex,10
Alexander,10
Alexandre,10
Alexandro,10
Alexio,10
Alexis,10
Alexius,10
Alexsander,10
Alexson,10
Alf,10
Alfano,10
Alfard,10
Alfert,10
Alfeu,10
Alfons,10
Alfonso,10
Alfre,10
Alfred,10
Alfredo,10
Alger,10
Ali,10
Alian,10
Alic,10
Alides,10
Alie,10
Alijander,10
Aling,10
Alistair,10
Alister,10
Alix,10
Aljan,10
Alje,10
Aljen,10
Aljon,10
Aljoscha,10
Alke,10
Alker,10
Alkinoös,10
Alko,10
Alkwin,10
Allaart,10
Allan,10
Allard,10
Allart,10
Alle,10
Allecio,10
Allejan,10
Allerd,10
Allert,10
Allesandro,10
Allian,10
Allon,10
Ally,10
Almando,10
Almar,10
Almon,10
Alof,10
Aloin,10
Alois,10
Aloïs,10
Aloisio,10
Alon,10
Alonso,10
Alonzo,10
Alouis,10
Aloys,10
Aloysius,10
Alper,10
Alphonds,10
Alphons,10
Alquin,10
Alrik,10
Alt,10
Alte,10
Altinus,10
Alto,10
Alton,10
Alvan,10
Alvaro,10
Alve,10
Alves,10
Alvin,10
Alvinho,10
Alwin,10
Alwyn,10
Amaar,10
Amaat,10
Amadeo,10
Amadeus,10
Amal,10
Amalgaid,10
Amalgith,10
Aman,10
Amand,10
Amando,10
Amandus,10
Amanuel,10
Amaqjuaq,10
Amar,10
Amaranto,10
Amargein,10
Amarins,10
Amaro,10
Amaru,10
Amato,10
Amatus,10
Amaury,10
Ambro,10
Ambroggio,10
Ambrogio,10
Ambrose,10
Ambrosio,10
Ambrosius,10
Amco,10
Ame,10
Amedee,10
Amel,10
Amele,10
Ameling,10
Amerigo,10
Amerik,10
Amfiaros,10
Amfioon,10
Amfitryoon,10
Amilcare,10
Amin,10
Amine,10
Amir,10
Amit,10
Amke,10
Amko,10
Ammar,10
Amme,10
Ammo,10
Amon,10
Amos,10
Amparo,10
Amrish,10
Amrit,10
Amse,10
Amsterdam,10
Amund,10
Amze,10
Anand,10
Anas,10
Anass,10
Anastaas,10
Anastasio,10
Anatoie,10
Anchises,10
Anco,10
Andel,10
Andele,10
Anderijus,10
Anders,10
Andert,10
Andie,10
Andle,10
Andoni,10
Andor,10
Andrais,10
Andras,10
Andre,10
André,10
Andrea,10
Andreas,10
Andrees,10
Andres,10
Andrés,10
Andress,10
Andrew,10
Andri,10
Andries,10
Andrijs,10
Andro,10
Andy,10
Ane,10
Anel,10
Ange,10
Angelico,10
Angelo,10
Angelos,10
Angert,10
Angil,10
Angus,10
Aniam,10
Aniel,10
Anies,10
Anil,10
Anish,10
Anjo,10
Ank,10
Anko,10
Anmchadh,10
Annamarijn,10
Annando,10
Anne,10
Anne-Mark,10
Anner,10
Annibale,10
Anno,10
Annold,10
Anouar,10
Anrico,10
Ansar,10
Ansco,10
Anse,10
Ansel,10
Anselm,10
Anselmo,10
Anselmus,10
Ansfried,10
Ansgar,10
Anske,10
Anso,10
Ant,10
Antaios,10
Antal,10
Ante,10
Antek,10
Anthoney,10
Anthonie,10
Anthonin,10
Anthonius,10
Anthony,10
Antinoös,10
Antogoni,10
Antoin,10
Antoine,10
Antois,10
Anton,10
Antonello,10
Antoni,10
Antonie,10
Antonino,10
Antonio,10
Antonius,10
Antony,10
Antoon,10
Antti,10
Antwan,10
Anvar,10
Anwar,10
Anyam,10
Aodh,10
Aodhan,10
Aodhfionn,10
Aonghus,10
Aout,10
Ap,10
Apke,10
Apolionius,10
Apollo,10
Apolloon,10
Appie,10
Appy,10
Aptrick,10
Aquiles,10
Ar,10
Araldo,10
Aram,10
Arantes,10
Arantez,10
Aras,10
Arash,10
Aravint,10
Arber,10
Arbo,10
Arby,10
Archibald,10
Archie,10
Arco,10
Arcon,10
Ard,10
Arda,10
Ardal,10
Arden,10
Ardian,10
Ardin,10
Ardjan,10
Ard-Jan,10
Ardo,10
Arduino,10
Ardy,10
Are,10
Arend,10
Arend-Jan,10
Arendo,10
Arent,10
Ares,10
Arex,10
Argos,10
Ariaan,10
Arian,10
Ariberto,10
Arid,10
Arie,10
Ariël,10
Arien,10
Arij,10
Arik,10
Arild,10
Arindi,10
Arino,10
Arinze,10
Aris,10
Aristaios,10
Aristariqe,10
Aristide,10
Aristides,10
Aristoteles,10
Arjaan,10
Arjan,10
Arjé,10
Arjen,10
Arjo,10
Arjon,10
Arjun,10
Arke,10
Arko,10
Arlend,10
Arlet,10
Arlo,10
Armaan,10
Arman,10
Armand,10
Armando,10
Armel,10
Armijn,10
Armin,10
Armindo,10
Armon,10
Armond,10
Armyan,10
Arnaldo,10
Arnando,10
Arnaud,10
Arne,10
Arnel,10
Arne-Sivar,10
Arnhold,10
Arnie,10
Arniko,10
Arno,10
Arnold,10
Arnolf,10
Arnolfo,10
Arnoud,10
Arnoudt,10
Arnoul,10
Arnould,10
Arnout,10
Aro,10
Aroen,10
Arold,10
Aron,10
Arpi,10
Arran,10
Arre,10
Arrien,10
Arrigo,10
Arris,10
Arsalan,10
Arse,10
Arseen,10
Arsené,10
Arsène,10
Arsenio,10
Arso,10
Art,10
Artem,10
Artemis,10
Arthgallo,10
Arthon,10
Arthur,10
Arthy,10
Artjom,10
Artole,10
Arton,10
Artur,10
Arturo,10
Arty,10
Arun,10
Arvid,10
Arvin,10
Arvind,10
Arwed,10
Arwen,10
Arwin,10
Aryan,10
Aryans,10
Aschwin,10
Ase,10
Ashil,10
Ashon,10
Ashow,10
Ashutosh,10
Ashvind,10
Ashwin,10
Askanois,10
Askim,10
Askon,10
Aslan,10
Asmar,10
Asmes,10
Asmus,10
Aspen,10
Aspos,10
Asrael,10
Asscher,10
Assel,10
Asselin,10
Assu,10
Asthon,10
Astin,10
Aston,10
Astor,10
Astyanax,10
Aswin,10
Ataigh,10
Atanarjuat,10
Ate,10
Athamas,10
Athan,10
Athol,10
Atif,10
Atilla,10
Atje,10
Atlas,10
Ato,10
Atom,10
Atreus,10
Atse,10
Atsert,10
Atte,10
Attila,10
Attje,10
Atze,10
Atzema,10
Aubert,10
Aubin,10
Aubrey,10
Auden,10
Audy,10
Aue,10
Augias,10
Augosto,10
August,10
Augustijn,10
Augustin,10
Augustine,10
Augustinus,10
Augustus,10
Auke,10
Auko,10
Aureel,10
Aurelio,10
Aurelius,10
Aurian,10
Austin,10
Auwe,10
Auwen,10
Auwert,10
Auwke,10
Auwko,10
Avalon,10
Ave,10
Avelin,10
Avelon,10
Averardo,10
Avery,10
Avinash,10
Avital,10
Avo,10
Awley,10
Awnan,10
Axel,10
Axl,10
Ayaz,10
Ayden,10
Aydin,10
Aye,10
Ayeld,10
Ayke,10
Ayllas,10
Ayman,10
Aymar,10
Aymen,10
Ayo,10
Ayold,10
Ayolt,10
Ayoub,10
Ayrton,10
Ayse,10
Aysel,10
Ayton,10
Ayub,10
Ayze,10
Ayzo,10
Azam,10
Azer,10
Azoon,10
Azzedine,10
Azzing,10
Azziz,10
Azzo,10
Baak,10
Baals,10
Baalster,10
Baatje,10
Baauw,10
Baauwe,10
Baauwke,10
Baauwkien,10
Babino,10
Bachar,10
Badi,10
Badir,10
Badr,10
Baef,10
Baeke,10
Baen,10
Baerd,10
Baernd,10
Baernt,10
Baert,10
Baeu-Noël,10
Bahar,10
Bailey,10
Bain,10
Bakchos,10
Bake,10
Bakke,10
Baldassare,10
Balde,10
Balder,10
Baldewijn,10
Baldovino,10
Balduino,10
Baldwin,10
Bale,10
Baling,10
Balki,10
Ballard,10
Balle,10
Balling,10
Baloe,10
Balte,10
Balthasar,10
Balthazar,10
Baltsar,10
Baltser,10
Bam,10
Bame,10
Bamse,10
Bandy,10
Bane,10
Banne,10
Bape,10
Baptist,10
Barack,10
Baran,10
Barbarius,10
Bard,10
Bareld,10
Barend,10
Barett,10
Barld,10
Barnabas,10
Barnabé,10
Barnes,10
Barney,10
Barny,10
Barre,10
Barrie,10
Barry,10
Bart,10
Bartel,10
Barteld,10
Bartele,10
Barteltsje,10
Barten,10
Barthel,10
Bartho,10
Barthold,10
Bartholo,10
Bartholomeus,10
Bartjan,10
Bart-Jan,10
Bartje,10
Bart-Jeroen,10
Barto,10
Bartolomé,10
Bartolomeo,10
Bartosz,10
Barty,10
Baruch,10
Bas,10
Bashir,10
Basiaana,10
Basiel,10
Basil,10
Basilius,10
Basit,10
Basjan,10
Bas-Jan,10
Basten,10
Bastiaan,10
Bastiaantje,10
Bastian,10
Bastiano,10
Bastien,10
Bastijn,10
Basto,10
Bate,10
Battista,10
Battistino,10
Baud,10
Baudouin,10
Baue,10
Bauke,10
Bauke-Jan,10
Bautista,10
Bauwe,10
Bavo,10
Baypolat,10
Beake,10
Bealt,10
Bean,10
Beant,10
Bear,10
Bearnt,10
Beart,10
Beato,10
Beau,10
Beauwe,10
Beck,10
Beckett,10
Beenes,10
Beer,10
Beerend,10
Beernd,10
Beert,10
Beeuw,10
Beeuwe,10
Behrend,10
Beie,10
Beije,10
Bein,10
Beine,10
Beint,10
Beinte,10
Beintse,10
Beitse,10
Belt,10
Beltrán,10
Ben,10
Benaissa,10
Bence,10
Bende,10
Bendert,10
Bendiks,10
Bendt,10
Bene,10
Benedetto,10
Benedic,10
Benedict,10
Benedicto,10
Benedictus,10
Benedikt,10
Benediktus,10
Benert,10
Benevenuto,10
Bengt,10
Beniaminito,10
Beniamino,10
Bening,10
Benito,10
Benja,10
Benjamin,10
Benji,10
Benjo,10
Benk,10
Benke,10
Benne,10
Bennet,10
Bennie,10
Benno,10
Benny,10
Beno,10
Bense,10
Benso,10
Bent,10
Bente,10
Benten,10
Benthly,10
Bentley,10
Bento,10
Benyamin,10
Benzo,10
Beppe,10
Ber,10
Berat,10
Berda,10
Berdi,10
Berend,10
Berend-Bram,10
Berend-Jan,10
Berendje,10
Berg,10
Berger,10
Beril,10
Berjan,10
Berkay,10
Berke,10
Bern,10
Bernabé,10
Bernadetto,10
Bernaldo,10
Bernard,10
Bernardino,10
Bernardo,10
Bernardus,10
Bernat,10
Bernd,10
Bernd-Henk,10
Bernd-Jan,10
Berndt,10
Bernett,10
Bernhard,10
Berni,10
Bernie,10
Bernlef,10
Berno,10
Bernou,10
Bernulf,10
Berny,10
Bero,10
Berot,10
Berr,10
Berre,10
Berrie,10
Berro,10
Berry,10
Bert,10
Bertel,10
Berteld,10
Berten,10
Berthel,10
Berthold,10
Bertie,10
Bertil,10
Bertiny,10
Bertjan,10
Bert-Jan,10
Bertje,10
Berto,10
Bertold,10
Bertram,10
Bertran,10
Bertrand,10
Bertrando,10
Bertus,10
Bertwin,10
Berwout,10
Bessel,10
Bessele,10
Bete,10
Betse,10
Bette,10
Betto,10
Beuwe,10
Bhodi,10
Biaggio,10
Biagio,10
Bianco,10
Biem,10
Bien,10
Biene,10
Bienke,10
Biense,10
Bient,10
Biente,10
Bientje,10
Bientse,10
Bieter,10
Bieuwe,10
Bikkel,10
Biko,10
Bilal,10
Bill,10
BillieJoe,10
Billy,10
Bin,10
Binck,10
Bincky,10
Binde,10
Bindert,10
Bindiks,10
Bindo,10
Bine,10
Bing,10
Bink,10
Binke,10
Binne,10
Binnert,10
Binno,10
Bino,10
Binte,10
Bintje,10
Bints,10
Bintse,10
Birger,10
Birk,10
Bisch,10
Bix,10
Bixenti,10
Bjarki,10
Bjarn,10
Bjarne,10
Bjarni,10
Bjenze,10
Bjernd,10
Bjinse,10
Bjintse,10
Bjintze,10
Bjorg,10
Björgvin,10
Bjork,10
Bjorn,10
Björn,10
Bjørn,10
Bjornar,10
Blad,10
Blade,10
Blaise,10
Blake,10
Blane,10
Blas,10
Blommert,10
Bloys,10
Blubje,10
Blue,10
Bo,10
Boaije,10
Boaijen,10
Boaike,10
Boaitse,10
Boaitsen,10
Boale,10
Boan,10
Boareld,10
Boas,10
Boatte,10
Boaz,10
Bob,10
Bobak,10
Bobbejaan,10
Bobbie,10
Bobby,10
Bob-Jan,10
Bode,10
Boder,10
Bodhi,10
Bodhy,10
Bodi,10
Bodil,10
Bodo,10
Body,10
Boede,10
Boeke,10
Boele,10
Boelie,10
Boene,10
Boet,10
Bogi,10
Boje,10
Boke,10
Bokke,10
Bokko,10
Bond,10
Bonifatius,10
Bonne,10
Bonno,10
Bono,10
Bonsen,10
Bonte,10
Bontje,10
Bontke,10
Bontko,10
Bontsje,10
Booie,10
Booy,10
Bor,10
Boran,10
Borchard,10
Boreas,10
Borg,10
Borgert,10
Boris,10
Borislaw,10
Borja,10
Borke,10
Born,10
Borre,10
Borren,10
Borrit,10
Bos,10
Bosco,10
Bosse,10
Boston,10
Bothe,10
Botje,10
Botse,10
Botte,10
Boudeeh,10
Boudewijn,10
Boudie,10
Bouke,10
Bous,10
Bouw,10
Bouwe,10
Bowen,10
Bowie,10
Bowy,10
Boy,10
Boyan,10
Boyce,10
Boyd,10
Boye,10
Boyke,10
Brad,10
Bradley,10
Braelt,10
Brahim,10
Brain,10
Brais,10
Bralt,10
Bram,10
Brammert,10
Branco,10
Brand,10
Branden,10
Brando,10
Brandon,10
Brandy,10
Branko,10
Brantsje,10
Brar,10
Bras,10
Brasil,10
Bratt,10
Bratte,10
Braulio,10
Brayden,10
Brayn,10
Brecht,10
Brenco,10
Brend,10
Brendan,10
Brenden,10
Brendon,10
Brennain,10
Breno,10
Brent,10
Brenwin,10
Brett,10
Breun,10
Breyten,10
Brian,10
Brice,10
Briek,10
Bright,10
Brighten,10
Brighton,10
Brillo,10
Brim,10
Brinio,10
Broar,10
Brocht,10
Broder,10
Broderick,10
Brody,10
Broen,10
Broer,10
Broes,10
Brogio,10
Bronek,10
Bronger,10
Bronne,10
Bronneck,10
Bronno,10
Bront,10
Bronte,10
Brooklyn,10
Broor,10
Bror,10
Brord,10
Bruce,10
Brucht,10
Bruford,10
Brugt,10
Bruin,10
Bruining,10
Brun,10
Brune,10
Brunke,10
Bruno,10
Bruno-Hendrik,10
Brunone,10
Brunsje,10
Brunt,10
Brusje,10
Brutil,10
Brutus,10
Bruun,10
Bryan,10
Bryce,10
Brynjar,10
Brynn,10
Bubba,10
Buchanan,10
Buck,10
Buco,10
Bud,10
Budde,10
Buddy,10
Buijs,10
Buitsen,10
Buke,10
Bune,10
Bunne,10
Bunno,10
Buntsje,10
Burak,10
Burchart,10
Burhan,10
Burl,10
Burny,10
Burre,10
Burrit,10
Burt,10
Burton,10
Busby,10
Butcher,10
Butros,10
Butte,10
Byron,10
Caecilius,10
Caelestis,10
Caesar,10
Caesarian,10
Caeser,10
Caglar,10
Cain,10
Caine,10
Caio,10
Cairo,10
Caisar,10
Caiser,10
Cajus,10
Cal,10
Calain,10
Caleb,10
Calictus,10
Callum,10
Calvijn,10
Calvin,10
Camal,10
Cameron,10
Camiel,10
Camill,10
Camille,10
Camillo,10
Camillus,10
Camilo,10
Cammy,10
Campo,10
Can,10
Candido,10
Cane,10
Canim,10
Canisius,10
Cantor,10
Card,10
Cardozo,10
Carel,10
Carl,10
Carl-Heinz,10
Carliho,10
Carlijn,10
Carlitos,10
Carlo,10
Carlos,10
Carl-Peter,10
Carlton,10
Carluccio,10
Carlyn,10
Carol,10
Carolinus,10
Carolo,10
Carolus,10
Carradin,10
Cars,10
Carsi,10
Carst,10
Carsten,10
Carvalio,10
Cary,10
Caryl,10
Cas,10
Casciano,10
Cash,10
Casimir,10
Casimiro,10
Caspar,10
Casper,10
Caspian,10
Caspijn,10
Cass,10
Cassius,10
Castor,10
Castro,10
Catharinus,10
Catrinus,10
Cavalho,10
Cay,10
Cayetano,10
Caz,10
Cean,10
Ceasar,10
Cecco,10
Cecil,10
Cecilius,10
Cedo,10
Cedric,10
Cédric,10
Ceel,10
Cees,10
Cees-Jan,10
Cel,10
Celano,10
Celestin,10
Celesto,10
Celso,10
Celvin,10
Cem,10
Cemal,10
Cencio,10
Cengiz,10
Cenk,10
Cent,10
Cente,10
Cerdic,10
Ceremco,10
Ceren,10
Ceriel,10
Cesar,10
Cesare,10
Ceylan,10
Cezar,10
Chad,10
Chadon,10
Chago,10
Chahid,10
Chaim,10
Chakil,10
Chakir,10
Chamo,10
Chan,10
Chanan,10
Chance,10
Chander,10
Chandler,10
Chano,10
Chanoey,10
Charel,10
Chareltson,10
Charief,10
Charif,10
Charl,10
Charles,10
Charles-Eduard,10
Charles-Henri,10
Charley,10
Charlie,10
Charlton,10
Charo,10
Charoon,10
Chase,10
Chayanne,10
Chaylin,10
Chazz,10
Che,10
Chef,10
Chendo,10
Cheralo,10
Cheran,10
Chesco,10
Chesney,10
Chesro,10
Chessel,10
Chester,10
Chet,10
Chetto,10
Chevy,10
Chiaro,10
Chiccho,10
Chico,10
Chiel,10
Chielian,10
Chieljan,10
Chiel-Jan,10
Chiem,10
Childéric,10
Ching,10
Chioris,10
Chip,10
Chofni,10
Chrétien,10
Chriet,10
Chris,10
Chrisjon,10
Chris-Paul,10
Christ,10
Christan,10
Christiaan,10
Christian,10
Christiano,10
Christianus,10
Christo,10
Christó,10
Christóbal,10
Christof,10
Christoff,10
Christoffel,10
Christoffer,10
Christofoor,10
Christoforo,10
Christoforus,10
Christopfer,10
Christoph,10
Christophe,10
Christopher,10
Chrit,10
Cian,10
Ciano,10
Ciel,10
Cihan,10
Cip,10
Cirilo,10
Cirino,10
Cis,10
Cisco,10
Ciska,10
Ciske,10
Cisse,10
Cj,10
Claas,10
Claes,10
Clarck,10
Clarence,10
Clarice,10
Clark,10
Clarke,10
Claude,10
Claudio,10
Claudios,10
Claudius,10
Claus,10
Claus-Jürgen,10
Clay,10
Clayton,10
Cleavon,10
Clem,10
Clemens,10
Clement,10
Clément,10
Clemme,10
Clemsey,10
Cleo,10
Clessian,10
Clif,10
Cliff,10
Clifford,10
Clifton,10
Clint,10
Clinton,10
Clive,10
Clophaz,10
Clovis,10
Clyde,10
Co,10
Cobi,10
Cobus,10
Cock,10
Coco,10
Cody,10
Coen,10
Coenraad,10
Coert,10
Coin,10
Cok,10
Cola,10
Colas,10
Cole,10
Colet,10
Colin,10
Colla,10
Collas,10
Collin,10
Colm,10
Colombanus,10
Colón,10
Colton,10
Colum,10
Commer,10
Conall,10
Conan,10
Conar,10
Conner,10
Connor,10
Conor,10
Conraad,10
Conrad,10
Conradino,10
Conrad-Jan,10
Conradus,10
Constan,10
Constans,10
Constant,10
Constantijn,10
Constantin,10
Constantino,10
Constantius,10
Constantyn,10
Cookie,10
Cooper,10
Coos,10
Cootje,10
Cop,10
Cor,10
Corald,10
Corben,10
Corbin,10
Corentin,10
Corijn,10
Corjan,10
Cor-Jan,10
Cormac,10
Cornald,10
Corne,10
Corné,10
Cornee,10
Cornéé,10
Corneel,10
Corneille,10
Cornel,10
Cornelis,10
Corneliu,10
Cornelius,10
Corona,10
Corrado,10
Corré,10
Cors,10
Corstiaan,10
Cort,10
Cortino,10
Corwin,10
Cos,10
Cosimo,10
Cosma,10
Cosmar,10
Cosmo,10
Costiaan,10
Costijn,10
Courtland,10
Craig,10
Crescens,10
Crijn,10
Cris,10
Crispijn,10
Cristiano,10
Cristijn,10
Cristo,10
Cristoffer,10
Crit,10
Cruz,10
Cuno,10
Curd,10
Curro,10
Curt,10
Curtis,10
Cy,10
Cyp,10
Cypriaan,10
Cyprian,10
Cyprien,10
Cyprus,10
Cyrano,10
Cyriel,10
Cyril,10
Cyrill,10
Cyrille,10
Cyrillus,10
Cyrus,10
Daaf,10
Daam,10
Daan,10
Daantje,10
Daauw,10
Daauwe,10
Dabbert,10
Dabert,10
Dabiek,10
Daco,10
Dadin,10
Daedalus,10
Daem,10
Daemon,10
Daen,10
Daerd,10
Dag,10
Dago,10
Dagobert,10
Dagomar,10
Dagowin,10
Dahlan,10
Daidalos,10
Daiderd,10
Daiderk,10
Dailey,10
Daimen,10
Daimi,10
Daisid,10
Daiver,10
Dajo,10
Dale,10
Daley,10
Dalian,10
Dalie,10
Dallas,10
Damai,10
Damaris,10
Damas,10
Damasso,10
Damiam,10
Damian,10
Damiano,10
Damien,10
Damiën,10
Damin,10
Damion,10
Damir,10
Damiro,10
Damis,10
Damme,10
Damon,10
Damos,10
Damus,10
Damy,10
Dan,10
Dana,10
Dan-Dirk,10
Dandy,10
Dane,10
Daneel,10
Dani,10
Danick,10
Daniek,10
Daniel,10
Daniël,10
Daniele,10
Daniello,10
Daniëlo,10
Danillo,10
Danilo,10
Daninchio,10
Danique,10
Danis,10
Danley,10
Dann,10
Danni,10
Dannie,10
Danny,10
Dano,10
Danotien,10
Dante,10
Danté,10
Dantier,10
Dany,10
Danyal,10
Danyel,10
Dao,10
Dapper,10
Darco,10
Darcy,10
Darel,10
Daren,10
Darian,10
Darie,10
Darieck,10
Dario,10
Darius,10
Dariusz,10
Darm,10
Darnell,10
Darrel,10
Darren,10
Darrin,10
Darryl,10
Darwin,10
Daryl,10
Daryll,10
Daryllio,10
Das,10
Dascha,10
Daslau,10
Dastan,10
Dathan,10
Dato,10
Datus,10
Dauw,10
Dauwe,10
Dave,10
Davet,10
Davey,10
Davi,10
Davick,10
David,10
Davide,10
Davie,10
Davin,10
Davis,10
Davitzen,10
Davor,10
Davy,10
Dawid,10
Dawson,10
Dax,10
Dayan,10
Daymen,10
Daymiën,10
Dayne,10
Daysel,10
Daz,10
Deacon,10
Dean,10
Deangelo,10
Deano,10
Deavy,10
Debian,10
Decarlos,10
Dechanvey,10
Declan,10
Dedde,10
Deddo,10
Deddy,10
Dederidio,10
Dedier,10
Dedlof,10
Dedmer,10
Dedrick,10
Dee,10
Deen,10
Deena,10
Deepak,10
Dees,10
Deeuwe,10
Defno,10
Deforest,10
Degail,10
Degros,10
Deïfobos,10
Dejan,10
Dejay,10
Dekke,10
Delan,10
Delano,10
Delaro,10
Delbert,10
Delfilio,10
Delfin,10
Delgado,10
Delinyo,10
Delivio,10
Delmer,10
Delroy,10
Delvin,10
Deman,10
Demarco,10
Demario,10
Demas,10
Demetrio,10
Demetrius,10
Demi,10
Demian,10
Demis,10
Demitry,10
Demko,10
Demkö,10
Demodokos,10
Dempster,10
Demy,10
Dene,10
Denes,10
Deng,10
Denholm,10
Denial,10
Denie,10
Deniece,10
Denis,10
Deniz,10
Dennes,10
Denni,10
Dennis,10
Dennison,10
Denny,10
Denous,10
Deny,10
Denys,10
Denzel,10
Denzell,10
Deon,10
Dephlin,10
Derek,10
Derian,10
Derk,10
Derkjan,10
Derk-Jan,10
Dermont,10
Dernick,10
Derre,10
Derrick,10
Derry,10
Derwin,10
Des,10
Desepé,10
Desi,10
Desideer,10
Desiderius,10
Desley,10
Desley-Jay,10
Desmond,10
Desney,10
Dessie,10
Desteny,10
Deswin,10
Dethleff,10
Dethmer,10
Detlef,10
Detlof,10
Detmer,10
Deukalioon,10
Devano,10
Deven,10
Deveron,10
Devi,10
Devian,10
Devid,10
Devin,10
Devlin,10
Devon,10
Devyn,10
Dewald,10
Dewy,10
Dex,10
Dexter,10
Dexx,10
Deyan,10
Dhani,10
Diablo,10
Diallo,10
Diam,10
Diamantino,10
Dian,10
Diaz,10
Dick,10
Dicky,10
Dico,10
Dictus,10
Dide,10
Dider,10
Diderick,10
Diderik,10
Didier,10
Die,10
Dié,10
Diebrich,10
Diede,10
Dieder,10
Diederich,10
Diederick,10
Diedericus,10
Diederik,10
Diederik-Jan,10
Diedert,10
Diedrerik,10
Diedrich,10
Diedrik,10
Diego,10
Diégo,10
Diêgo,10
Diek,10
Dieko,10
Diel,10
Diemer,10
Diémo,10
Dies,10
Diesel,10
Diete,10
Dieter,10
Dietert,10
Dietger,10
Diethard,10
Dietmar,10
Dietrich,10
Dietse,10
Dietwin,10
Dieu,10
Dieudonné,10
Dieuke,10
Dieuwe,10
Dieuwer,10
Dieuwert,10
Diéz,10
Digger,10
Dignum,10
Dignus,10
Dijck,10
Dik,10
Dikke,10
Dikkie,10
Diktus,10
Dilaan,10
Dilan,10
Dilano,10
Dilco,10
Dillen,10
Dillis,10
Dillon,10
Dim,10
Dima,10
Dimar,10
Dimer,10
Dimert,10
Dimitra,10
Dimitri,10
Dimitry,10
Dimpel,10
Dimpsey,10
Dinand,10
Dinant,10
Dinardus,10
Dinek,10
Dines,10
Dinesh,10
Dingelom,10
Dingeman,10
Dingo,10
Dink,10
Dinlo,10
Dino,10
Dio,10
Diodati,10
Diomedes,10
Dion,10
Dionisio,10
Dionysius,10
Dionysos,10
Dirck,10
Dirim,10
Dirk,10
DirkJan,10
Dirk-Jan,10
Dirko,10
Dirk-Pieter,10
Dirk-Willem,10
Diston,10
Ditchano,10
Diter,10
Ditert,10
Ditho,10
Ditmar,10
Ditmer,10
Dito,10
Dittger,10
Divano,10
Divine,10
Dixie,10
Diyaz,10
Dizzy,10
Djai,10
Djairo,10
Djamiel,10
Djamiro,10
Djan,10
Djan-Beer,10
Django,10
Djani,10
Djarno,10
Djaro,10
D’jaro,10
Djarrel,10
Djasmin,10
Djay,10
Djayden,10
Djaylano,10
Djayo,10
Djayordy,10
Djeckie,10
Djeedan,10
Djeen,10
Djeffry,10
Djen,10
Djenaro,10
Djessie,10
Djeure,10
Djeviano,10
Djezz,10
Djille,10
Djim,10
Djimmer,10
Djimmert,10
Djimmie,10
Djimon,10
Djoerd,10
Djoere,10
Djoesha,10
Djoi,10
Djonno,10
Djordi,10
Djordie,10
Djordy,10
Djorven,10
Djowie,10
Dju,10
Djurgen,10
Djuri,10
Djurre,10
Dmitri,10
Dmitry,10
Do,10
Doade,10
Doado,10
Doaije,10
Doaijen,10
Doaike,10
Doaite,10
Doaitse,10
Doaitsen,10
Doan,10
Dob,10
Dobbe,10
Dobbo,10
Dobby,10
Doc,10
Docus,10
Dodde,10
Dodge,10
Dodo,10
Doed,10
Doede,10
Doedo,10
Doeds,10
Doeije,10
Doeke,10
Doekele,10
Doekes,10
Doekle,10
Doeko,10
Doen,10
Doene,10
Doetse,10
Doewe,10
Doganay,10
Dok,10
Dolf,10
Dolf-Jan,10
Dolph,10
Domara,10
Domas,10
Domela,10
Domenico,10
Domenique,10
Domenkus,10
Domian,10
Domiek,10
Domien,10
Dominga,10
Domingo,10
Dominic,10
Dominicus,10
Dominik,10
Dominike,10
Dominiq,10
Dominique,10
Domminick,10
Don,10
Donaat,10
Donal,10
Donald,10
Donals,10
Donato,10
Donatus,10
Done,10
Donisio,10
Donke,10
Donn,10
Donnever,10
Donnie,10
Donny,10
Dono,10
Donovan,10
Dook,10
Door,10
Dooran,10
Doran,10
Dorian,10
Doriann,10
Doriano,10
Doris,10
Dorke,10
Doron,10
Dorre,10
Dorry,10
Dorus,10
Dotr,10
Dotsen,10
Douglas,10
Douk,10
Doutzen,10
Douwe,10
Dovano,10
Dovino,10
Dox,10
Draco,10
Drago,10
Dragomir,10
Dragos,10
Drake,10
Drazic,10
Dre,10
Drée,10
Drees,10
Drew,10
Drewe,10
Drewes,10
Driek,10
Dries,10
Drieuwes,10
Driez,10
Drikus,10
Dristan,10
Dru,10
Drup,10
Drys,10
Drystan,10
Duane,10
Duarte,10
Dubte,10
Duca,10
Ducan,10
Duccio,10
Duco,10
Duco-Gerard,10
Dudley,10
Duert,10
Duff,10
Duif,10
Duije,10
Duke,10
Duko,10
Duncan,10
Duoke,10
Duran,10
Durand,10
Durante,10
Durc,10
Durck,10
Durk,10
Durwin,10
Dusan,10
Dusko,10
Dustin,10
Dusty,10
Dutmar,10
Dutsje,10
Duuc,10
Duuk,10
Duurd,10
Dwayne,10
Dwight,10
Dyamel,10
Dyan,10
Dycqel,10
Dylan,10
Dylano,10
Dyllan,10
Dymas,10
Dyon,10
Dyron,10
Dyson,10
Dytmer,10
Eabbe,10
Eabe,10
Eabele,10
Eade,10
Eadge,10
Eadse,10
Eadsge,10
Eadsger,10
Eadweard,10
Eagan,10
Eagele,10
Eake,10
Ealert,10
Eame,10
Eamon,10
Eamonn,10
Eapke,10
Eard,10
Earde,10
Eardse,10
Eardsje,10
Earke,10
Earl,10
Earnst,10
Earryt,10
Earst,10
Earten,10
Eate,10
Eatse,10
Eatske,10
Eau,10
Eauke,10
Eauwe,10
Eauwen,10
Eb,10
Ebbe,10
Ebbel,10
Ebbele,10
Ebben,10
Ebbert,10
Ebbie,10
Ebbing,10
Ebble,10
Ebbo,10
Ebe,10
Ebel,10
Ebele,10
Eben,10
Ebert,10
Ebertus,10
Ebisa,10
Ebke,10
Ebo,10
Ebolt,10
Ece,10
Echnaton,10
Eckart,10
Eckehard,10
Eckehart,10
Ecky,10
Eco,10
Ector,10
Ed,10
Edar-Pierre,10
Edde,10
Eddie,10
Eddo,10
Eddy,10
Ede,10
Edelbert,10
Edelbertus,10
Eden,10
Edgar,10
Edgard,10
Edger,10
Edib,10
Edies,10
Edius,10
Edivaldo,10
Ediz,10
Edlef,10
Edmar,10
Edme,10
Edmond,10
Edmondo,10
Edmund,10
Edmundo,10
Edo,10
Edoardo,10
Edolf,10
Edouard,10
Edouw,10
Edouward,10
Edsard,10
Edsart,10
Edse,10
Edser,10
Edsert,10
Edsge,10
Edsger,10
Edsje,10
Edske,10
Edsko,10
Edson,10
Edu,10
Eduard,10
Eduardo,10
Eduardus,10
Eduart,10
Edvard,10
Edvige,10
Edwald,10
Edward,10
Edwer,10
Edwin,10
Edy,10
Edzard,10
Edze,10
Edzer,10
Edzko,10
Edzo,10
Eedje,10
Eeds,10
Eedse,10
Eedsge,10
Eedsger,10
Eedwer,10
Eef,10
Eeke,10
Eelco,10
Eelde,10
Eeldert,10
Eelje,10
Eelk,10
Eelke,10
Eelker,10
Eelse,10
Eeltse,10
Eeltsje,10
Eelze,10
Eembert,10
Eemke,10
Een,10
Eenke,10
Eense,10
Eente,10
Eento,10
Eentsje,10
Eerde,10
Eerdse,10
Eerke,10
Eerko,10
Eert,10
Eesge,10
Eetre,10
Eetse,10
Eeuwe,10
Eeuwit,10
Eeuwke,10
Efe,10
Efraim,10
Egbert,10
Egbert-Jan,10
Egbertus,10
Ege,10
Egele,10
Eger,10
Egge,10
Eggerik,10
Egges,10
Eggo,10
Egide,10
Egidio,10
Egidius,10
Egied,10
Egino,10
Egizo,10
Egle,10
Egmond,10
Egmont,10
Ego,10
Egon,10
Egor,10
Eibe,10
Eibert,10
Eid,10
Eide,10
Eidse,10
Eie,10
Eige,10
Eije,10
Eijen,10
Eijpe,10
Eike,10
Eiko,10
Eilan,10
Eile,10
Eilert,10
Eilke,10
Eilof,10
Eilt,10
Eimardo,10
Eimbert,10
Eime,10
Eimert,10
Einar,10
Einbert,10
Eine,10
Einke,10
Einolf,10
Einrikr,10
Einse,10
Einte,10
Eintsje,10
Eirik,10
Eise,10
Eiske,10
Eiso,10
Eisse,10
Eisso,10
Eit,10
Eite,10
Eitel,10
Eitse,10
Eitsje,10
Eitze,10
Eizo,10
Eja,10
Ejay,10
Eke,10
Ekhart,10
Ekke,10
Ekker,10
Eko,10
El,10
Elan,10
Elano,10
Elard,10
Elart,10
Elaud,10
Elbartus,10
Elbert,10
Elbregt,10
Elburg,10
Elby,10
Elck,10
Elco,10
Eldad,10
Elder,10
Eldert,10
Eldin,10
Eldred,10
Eldridge,10
Ele,10
Elek,10
Elert,10
Elfred,10
Elgar,10
Elger,10
Elgin,10
Eli,10
Elia,10
Eliah,10
Eliam,10
Elian,10
Eliano,10
Elias,10
Elies,10
Eliezer,10
Eligius,10
Elija,10
Elijah,10
Elimar,10
Eling,10
Elio,10
Elion,10
Eliot,10
Elis,10
Eliseo,10
Elius,10
Elizo,10
Eljakim,10
Eljosha,10
Elka,10
Elkan,10
Elke,10
Elkin,10
Elko,10
Elladio,10
Ellan,10
Ellard,10
Elle,10
Ellenus,10
Ellert,10
Ellery,10
Ellian,10
Elliott,10
Ello,10
Elmar,10
Elmardo,10
Elmas,10
Elmer,10
Elmert,10
Elmo,10
Elmyr,10
Elo,10
Elof,10
Eloi,10
Elon,10
Elonzo,10
Elout,10
Eloy,10
Elprich,10
Elroy,10
Els,10
Elsberth,10
Else,10
Elsert,10
Elst,10
Elte,10
Eltje,10
Eltjo,10
Elton,10
Eltsje,10
Elvin,10
Elvio,10
Elvis,10
Elwin,10
Elzard,10
Elze,10
Elzo,10
Emanuel,10
Emar,10
Embrecht,10
Embry,10
Eme,10
Emek,10
Emelius,10
Emerald,10
Emerentius,10
Emerico,10
Emerson,10
Emiel,10
Emil,10
Emile,10
Emilian,10
Emiliano,10
Emilio,10
Emilus,10
Emin,10
Emir,10
Emirhan,10
Emmanuel,10
Emmer,10
Emmericus,10
Emmerik,10
Emmert,10
Emmet,10
Emmo,10
Emo,10
Emond,10
Emrah,10
Emre,10
Emri,10
Emrik,10
Emry,10
Emrys,10
En,10
Ender,10
Endrik,10
Ene,10
Enea,10
Enes,10
Engbert,10
Engbertus,10
Engel,10
Engelbert,10
Engelbertus,10
Engelbrekt,10
Engele,10
Engelke,10
Engle,10
Enio,10
Enjelco,10
Enke,10
Enne,10
Ennie,10
Ennio,10
Enno,10
Eno,10
Enö,10
Enoch,10
Enrico,10
Enrique,10
Ensar,10
Ente,10
Ento,10
Entse,10
Enyo,10
Enzio,10
Enzo,10
Eowijn,10
Ep,10
Epe,10
Epeos,10
Ephram,10
Epimetheus,10
Epke,10
Eppe,10
Eppie,10
Eppo,10
Eran,10
Erardo,10
Erasmo,10
Erasmus,10
Eray,10
Erben,10
Erberto,10
Erbst,10
Ercolano,10
Ercole,10
Erdmann,10
Erdo,10
Erdy,10
Eren,10
Erginos,10
Erhard,10
Eriberto,10
Eric,10
Erich,10
Erick,10
Erico,10
Erie,10
Erienne,10
Erigo,10
Erik,10
Erika,10
Erik-Jan,10
Erik-Paul,10
Eriq,10
Erjan,10
Erjen,10
Erk,10
Erkan,10
Erkenbout,10
Erland,10
Ermanno,10
Ermano,10
Ermbout,10
Ermen,10
Ermino,10
Ermo,10
Ernest,10
Ernestino,10
Ernesto,10
Ernie,10
Erno,10
Ernout,10
Ernst,10
Ernst-Jaap,10
Ernstjan,10
Ernst-Jan,10
Ernst-Paul,10
Erol,10
Eron,10
Eroos,10
Eros,10
Erre,10
Errien,10
Erriet,10
Errit,10
Errol,10
Erryn,10
Erryt,10
Ersin,10
Erskine,10
Ert,10
Ervin,10
Erwan,10
Erwijn,10
Erwin,10
Esaias,10
Esa-Pekka,10
Esau,10
Esban,10
Esbern,10
Esbjørn,10
Esdert,10
Esdran,10
Ese,10
Esgo,10
Eske,10
Esli,10
Esmond,10
Espen,10
Esper,10
Esperano,10
Espero,10
Esra,10
Esse,10
Esso,10
Este,10
Esteban,10
Esterske,10
Estévan,10
Estha,10
Et,10
Etam,10
Ete,10
Eteokles,10
Ethan,10
Etienne,10
Etiènne,10
Etje,10
Etsen,10
Ette,10
Etto,10
Ettore,10
Etward,10
Euan,10
Eugene,10
Eugène,10
Eugène-Gérard,10
Eugenio,10
Eugenius,10
Eugeniusz,10
Euguene,10
Eumaios,10
Eunice,10
Euryalos,10
Eurymachos,10
Eurystheus,10
Eus,10
Eustachio,10
Euwe,10
Evald,10
Evan,10
Evander,10
Evany,10
Evaristo,10
Evelyn,10
Everard,10
Everardo,10
Everaud,10
Everbert,10
Everdinus,10
Evere,10
Everen,10
Everett,10
Everhard,10
Everhardus,10
Everildis,10
Everly,10
Evermar,10
Everon,10
Evert,10
Evert-Anthony,10
Evertjan,10
Evert-Jan,10
Every,10
Evgeni,10
Eviëlle,10
Evrard,10
Ewald,10
Ewan,10
Eward,10
Ewart,10
Ewe,10
Ewert,10
Ewit,10
Ewold,10
Ewoud,10
Ewould,10
Ewout,10
Ewut,10
Exan,10
Excaliber,10
Eyke,10
Eymen,10
Eyrylochos,10
Eyse,10
Eyso,10
Eyzo,10
Ezeqiel,10
Ezra,10
Ezzo,10
Faas,10
Fabe,10
Faber,10
Fabian,10
Fabiano,10
Fabianus,10
Fabien,10
Fabiën,10
Fabio,10
Fabius,10
Fabrice,10
Fabricius,10
Fabrizio,10
Facco,10
Facius,10
Fadrique,10
Fadyan,10
Faes,10
Faëthoon,10
Faidimos,10
Faisal,10
Fake,10
Falco,10
Falencio,10
Falk,10
Falke,10
Falko,10
Falle,10
Fane,10
Fang-Kay,10
Faraaz,10
Fardau,10
Fares,10
Fargo,10
Faris,10
Farley,10
Faro,10
Farrel,10
Farrell,10
Farried,10
Faruk,10
Fastwin,10
Fatih,10
Fatmir,10
Faustino,10
Faustinus,10
Fausto,10
Faustus,10
Fawzi,10
Fayden,10
Fayette,10
Fe,10
Feargal,10
Fecco,10
Fedde,10
Fedderi,10
Fedderik,10
Feddrik,10
Feddy,10
Feder,10
Federico,10
Federigo,10
Fedja,10
Fedor,10
Fedrik,10
Feduard,10
Feel,10
Feico,10
Feie,10
Feije,10
Feike,10
Feiko,10
Feitse,10
Fekke,10
Felice,10
Feliciaan,10
Feliciano,10
Feliks,10
Felipe,10
Felis,10
Felix,10
Felony,10
Fem,10
Femios,10
Femke,10
Femme,10
Fen,10
Fender,10
Fendi,10
Fenix,10
Fenn,10
Fenno,10
Feodoor,10
Fer,10
Ferco,10
Ferd,10
Ferdi,10
Ferdie,10
Ferdinand,10
Ferdy,10
Fere,10
Ferenc,10
Ference,10
Fergus,10
Ferguut,10
Ferinand,10
Ferjo,10
Ferko,10
Fermín,10
Fernand,10
Fernande,10
Fernandez,10
Fernando,10
Fernao,10
Ferosh,10
Ferran,10
Ferrand,10
Ferrando,10
Ferre,10
Ferren,10
Ferri,10
Ferrie,10
Ferron,10
Ferry,10
Fey,10
Feye,10
Feyo,10
Fhilip,10
Fico,10
Fideel,10
Fidel,10
Fidelio,10
Fidelis,10
Fiel,10
Figo,10
Fije,10
Fijke,10
Filemon,10
Filibert,10
Filiberto,10
Filiotis,10
Filip,10
Filippe,10
Filippo,10
Filippus,10
Filips,10
Filipus,10
Filo,10
Filoktetes,10
Fin,10
Finbar,10
Finbarr,10
Fincent,10
Finch,10
Fineus,10
Finidi,10
Finlay,10
Finley,10
Finn,10
Finn-Christian,10
Finnley,10
Finnr,10
Fion,10
Fiorello,10
Fiorenzo,10
Firank,10
Firmijn,10
Firmin,10
Firminus,10
Fiston,10
Fitz,10
Fitzgerald,10
Fjodor,10
Fjødr,10
Flavia,10
Flavian,10
Flaviano,10
Flavien,10
Flavio,10
Flemming,10
Fliep,10
Fliepe,10
Flinn,10
Flint,10
Flip,10
Flippe,10
Flo,10
Floor,10
Floorke,10
Flor,10
Floran,10
Florein,10
Florence,10
Florens,10
Florent,10
Florentijn,10
Florentin,10
Florentius,10
Florentyn,10
Florenz,10
Flores,10
Floriaan,10
Florian,10
Florijn,10
Florijntje,10
Floris,10
Floris-Jan,10
Florus,10
Floryn,10
Floyd,10
Flupke,10
Flynn,10
Focco,10
Focko,10
Foday,10
Foinix,10
Fok,10
Foke,10
Fokke,10
Fokko,10
Folco,10
Folie,10
Folke,10
Folker,10
Folkerd,10
Folkert,10
Folko,10
Folkward,10
Folly,10
Folmer,10
Folos,10
Fonger,10
Fonne,10
Fons,10
Fop,10
Foppe,10
Foran,10
Forest,10
Forkys,10
Formijn,10
Forn,10
Forrest,10
Fos,10
Foster,10
Fox,10
Fozzie,10
Frakke,10
Franc,10
Francesc,10
Francesco,10
Francies,10
Francis,10
Francisco,10
Franciscus,10
Francisquito,10
Franciszek,10
Franck,10
Franco,10
Francois,10
François,10
Francois-Henri,10
Francois-Xavier,10
Franek,10
Frank,10
Franke,10
Frankie,10
Franklin,10
Franklou,10
Franko,10
Franky,10
Frans,10
Fransicus,10
Fransje,10
Fransy,10
Frantisek,10
Franz,10
Franz-Xaver,10
Fre,10
Fred,10
Freddie,10
Freddo,10
Freddy,10
Frederic,10
Frederick,10
Frederico,10
Frederik,10
Frederique,10
Fredi,10
Fredric,10
Fredrico,10
Fredrik,10
Free,10
Freeck,10
Freek,10
Freere,10
Freerk,10
Fren,10
Frence,10
Frenk,10
Frenkey,10
Frenky,10
Frens,10
Frerik,10
Frido,10
Fridzer,10
Frie,10
Fried,10
Friedel,10
Friedhelm,10
Friedrick,10
Friedus,10
Frigge,10
Friggo,10
Friso,10
Frisso,10
Frithjof,10
Fritjof,10
Frits,10
Frits-Hein,10
Frits-Marnix,10
Fritz,10
Frixos,10
Frode,10
Frodo,10
Frouko,10
Fuat,10
Fuiko,10
Fulbert,10
Fulco,10
Fulko,10
Fulvio,10
Funmilayo,10
Fynn,10
Fynn,10
Gaale,10
Gaard,10
Gaatse,10
Gaatze,10
Gabe,10
Gabert,10
Gabi,10
Gabie,10
Gabor,10
Gabri,10
Gabriel,10
Gabriël,10
Gabriele,10
Gabriello,10
Gabrio,10
Gabry,10
Gaby,10
Gaddo,10
Gael,10
Gaetan,10
Gaëtan,10
Gaetano,10
Gaëtano,10
Galahad,10
Galdo,10
Galeno,10
Galiano,10
Galileo,10
Gallien,10
Galtjo,10
Gamala,10
Gambia,10
Gandalf,10
Gandert,10
Gandolf,10
Gandolfo,10
Gandor,10
Gandro,10
Ganduif,10
Gans,10
Garaldino,10
Garbrant,10
Garbrech,10
Garen,10
Gareth,10
Garin,10
Garmen,10
Garmet,10
Garnier,10
Garret,10
Garrit,10
Garrnt,10
Garrri,10
Garry,10
Gart,10
Gary,10
Gaspare,10
Gasparo,10
Gasten,10
Gaston,10
Gati,10
Gauke,10
Gauthier,10
Gautier,10
Gauwe,10
Gavin,10
Gawain,10
Gawein,10
Gazy,10
Ge,10
Gear,10
Geart,10
Geatano,10
Geatse,10
Gebbe,10
Gebren,10
Gedeon,10
Gedo,10
Geer,10
Geeraard,10
Geerd,10
Geerling,10
Geerlof,10
Geert,10
Geerten,10
Geert-Harm,10
Geertjan,10
Geert-Jan,10
Geffrey,10
Geimar,10
Geirolf,10
Geirulf,10
Geirulv,10
Geke,10
Geldau,10
Gelder,10
Geldert,10
Geldolf,10
Geldou,10
Gelein,10
Gelko,10
Gelle,10
Gellof,10
Gellyon,10
Gelmar,10
Gelmer,10
Genaro,10
Gene,10
Generino,10
Genius,10
Gennariello,10
Gennaro,10
Geno,10
Gentil,10
Geo,10
Geoff,10
Geoffanni,10
Geoffanny,10
Geoffery,10
Geoffrey,10
Geoffry,10
Geofredo,10
Geordy,10
Georg,10
George,10
Georgino,10
Georgio,10
Georgios,10
Georgius,10
Geovanni,10
Ger,10
Geraar,10
Gerad,10
Gerald,10
Geraldo,10
Gerard,10
Gerardo,10
Gerardus,10
Gerbald,10
Gerben,10
Gerbert,10
Gerbo,10
Gerbrand,10
Gerbrecht,10
Gerbrich,10
Gerbrig,10
Gerco,10
Gerd,10
Gerdi,10
Gerdjan,10
Gerdo,10
Gerdwin,10
Gerdy,10
Geremia,10
Gerfien,10
Gerhald,10
Gerhard,10
Gerhardus,10
Geri,10
Gerian,10
Gerjan,10
Gerjen,10
Gerjo,10
Gerjob,10
Gerjon,10
Gerjos,10
Gerke,10
Gerko,10
Gerlach,10
Gerland,10
Gerlo,10
Gerlof,10
Germ,10
Germain,10
German,10
Germen,10
Gernald,10
Gernaldo,10
Gernd,10
Gernt,10
Gero,10
Gerold,10
Gerolf,10
Gerolt,10
Gerome,10
Geromian,10
Géron,10
Geronimo,10
Gerran,10
Gerre,10
Gerreit,10
Gerrie,10
Gerriën,10
Gerrit,10
Gerritjan,10
Gerrit-Jan,10
Gerritt,10
Gerry,10
Gerson,10
Gersón,10
Gert,10
Gert-Aldert,10
Gertjan,10
Gert-Jan,10
Gerton,10
Gervaas,10
Gervan,10
Gervin,10
Gerwald,10
Gerwen,10
Gerwilmer,10
Gerwim,10
Gerwin,10
Geryones,10
Gesinus,10
Getjan,10
Getse,10
Geurt,10
Geus,10
Geza,10
Ghassen,10
Ghino,10
Ghislain,10
Ghylain,10
Giacinto,10
Giacobbe,10
Giacomo,10
Gialt,10
Giambattista,10
Giampiero,10
Gian,10
Giancarlo,10
Gianfranco,10
Giani,10
Gianluca,10
Gian-Luca,10
Gianmarco,10
Gianni,10
Gib,10
Gibbe,10
Gibbo,10
Gidde,10
Gideon,10
Gidi,10
Gidio,10
Gidion,10
Gido,10
Gidon,10
Giede,10
Giedo,10
Giel,10
Gielbert,10
Gieles,10
Gieliam,10
Gielian,10
Gielijan,10
Gielis,10
Gielke,10
Giem,10
Gienus,10
Giesbert,10
Gigi,10
Gijbrecht,10
Gijs,10
Gijsbert,10
Gijsbertus,10
Gijsbrecht,10
Gijs-Jan,10
Gijsje,10
Gil,10
Gilanni,10
Gilanno,10
Gilbert,10
Gilberto,10
Gilbrant,10
Gilby,10
Gildert,10
Gildolf,10
Giles,10
Giliam,10
Gilian,10
Gilius,10
Giljom,10
Gilles,10
Gillian,10
Gillion,10
Gillis,10
Gilmore,10
Gilsi,10
Ginaldion,10
Gino,10
Gio,10
Gioachino,10
Giocobbe,10
Giona,10
Giordano,10
Giorginhio,10
Giorgino,10
Giorgio,10
Giorgos,10
Giovan,10
Giovanie,10
Giovanni,10
Giovannino,10
Gioya,10
Giraldo,10
Girbe,10
Girolamo,10
Gisbert,10
Giscard,10
Gisienus,10
Gismondo,10
Gitroy,10
Giuliano,10
Giulio,10
Giuseppe,10
Giuseppino,10
Giustino,10
Giusto,10
Givan,10
Givano,10
Givin,10
Gjalt,10
Gjelt,10
Gjerulf,10
Glaukos,10
Glen,10
Glenn,10
Gless,10
Glijn,10
Goan,10
Godard,10
Godefridus,10
Godelief,10
Godert,10
Godevaart,10
Godewyn,10
Godfrey,10
Godfried,10
Godhard,10
Godlef,10
Godofredo,10
Godwin,10
Goede,10
Goeran,10
Goesta,10
Goffe,10
Goffert,10
Goffredo,10
Gofredo,10
Gohan,10
Golbert,10
Goldwyn,10
Gomar,10
Gomarus,10
Goni,10
Gonzalo,10
Goof,10
Gooitzen,10
Gool,10
Goor,10
Goos,10
Goossen,10
Gooszen,10
Goran,10
Gorden,10
Gordon,10
Gorian,10
Gorik,10
Goris,10
Gosse,10
Gotmer,10
Gottfried,10
Gottmar,10
Gottwin,10
Gouke,10
Govert,10
Gower,10
Gozewijn,10
Grad,10
Gradus,10
Graham,10
Grant,10
Greg,10
Greger,10
Gregers,10
Gregoor,10
Gregor,10
Gregorio,10
Gregorius,10
Gregory,10
Greham,10
Grian,10
Grietzen,10
Griffin,10
Grubbelt,10
Gualberto,10
Gualtieri,10
Gualtiero,10
Guan,10
Guarniero,10
Gudbrand,10
Gudo,10
Guevaro,10
Guglielmo,10
Gui,10
Guido,10
Guiliano,10
Guilielmus,10
Guilio,10
Guiljam,10
Guillaume,10
Guillelmo,10
Guillermo,10
Guillian,10
Guilliano,10
Gulbrand,10
Gulliver,10
Gumprecht,10
Gunawan,10
Gundar,10
Gunder,10
Gunnar,10
Gunner,10
Guno,10
Gunter,10
Gunther,10
Gurbe,10
Gus,10
Guss,10
Gust,10
Gustaaf,10
Gustaf,10
Gustaff,10
Gustav,10
Gustave,10
Gustavo,10
Gustavus,10
Guurt,10
Guus,10
Guust,10
Guy,10
Guyan,10
Guylian,10
Guyvan,10
Gwenael,10
Gwijde,10
Gwydion,10
Gwyllion,10
Gydo,10
Gymon,10
Gys,10
Gysbert,10
Gysbertus,10
Haaf,10
Haakon,10
Haaye,10
Habbo,10
Habel,10
Habele,10
Habib,10
Hachim,10
Haco,10
Hacques,10
Hadassa,10
Hadde,10
Hade,10
Hademar,10
Hades,10
Hadger,10
Hadmar,10
Hadmer,10
Hado,10
Hadriaan,10
Hafid,10
Hagai,10
Hage,10
Haico,10
Haider,10
Haie,10
Haije,10
Haijo,10
Haike,10
Haiko,10
Haimoon,10
Haitze,10
Haje,10
Hajo,10
Hajolt,10
Hakan,10
Hakim,10
Hakki,10
Hakon,10
Hal,10
Halbe,10
Halbert,10
Halden,10
Haldor,10
Halewijn,10
Halil,10
Halldor,10
Halle,10
Halo,10
Hamdi,10
Hamed,10
Hamid,10
Hamish,10
Hamlet,10
Hamme,10
Hammy,10
Hamsa,10
Hamtaro,10
Hamza,10
Han,10
Handrie,10
Hanes,10
Hanjo,10
Hank,10
Hanlo,10
Hanne,10
Hannek,10
Hannes,10
Hannibal,10
Hanno,10
Hanns,10
Hanny,10
Hanola,10
Hans,10
Hans-Albert,10
Hans-Alexander,10
Hans-Christiaan,10
Hans-Dieter,10
Hans-Joachim,10
Hansjörg,10
Hansko,10
Hanso,10
Hanson,10
Hans-Peter,10
Hans-Werner,10
Hany,10
Har,10
Harald,10
Harber,10
Harbert,10
Harbin,10
Harbrand,10
Harco,10
Hardi,10
Hardowin,10
Hardwig,10
Hardwin,10
Hare,10
Hari,10
Haring,10
Hariot,10
Harjan,10
Harjo,10
Harke,10
Harko,10
Harlan,10
Harld,10
Harley,10
Harm,10
Harmen,10
HarmJan,10
Harm-Jan,10
Harmon,10
Harm-Ybo,10
Harnold,10
Haroen,10
Harold,10
Haron,10
Harout,10
Harper,10
Harpert,10
Harri,10
Harrie,10
Harrie-Berta,10
Harris,10
Harrison,10
Harro,10
Harry,10
Hart,10
Hartger,10
Hartwin,10
Harun,10
Harvey,10
Harvinon,10
Harwin,10
Has,10
Hasan,10
Hassan,10
Hasse,10
Hato,10
Hauke,10
Havel,10
Haven,10
Hayco,10
Hayden,10
Haye,10
Hayem,10
Hayley,10
Hayo,10
Hayrettin,10
Hayte,10
Hearke,10
Hebe,10
Hector,10
Hedde,10
Hedin,10
Hedser,10
Hedwig,10
Hedzer,10
Hef,10
Hefaistos,10
Heico,10
Heidy,10
Heije,10
Heike,10
Heiki,10
Heikko,10
Heiko,10
Heilo,10
Heimer,10
Heimerick,10
Heimert,10
Heimo,10
Hein,10
Heine,10
Heino,10
Heinrich,10
Heins,10
Heintje,10
Heinz,10
Heinze,10
Heinz-Harald,10
Heirick,10
Hektoor,10
Hektor,10
Heldemar,10
Helder,10
Helge,10
Helios,10
Heljan,10
Helle,10
Heller,10
Helmar,10
Helmer,10
Helmert,10
Helmich,10
Helmo,10
Helmrich,10
Helmus,10
Helmut,10
Hemant,10
Hemko,10
Hemmond,10
Hendericus,10
Henderik,10
Henderikus,10
Hendri,10
Hendrick,10
Hendricus,10
Hendriek,10
Hendrik,10
Hendrik-Jan,10
Hendrikus,10
Hendrinand,10
Henjo,10
Henk,10
Henkie,10
Henkjan,10
Henk-Jan,10
Hennie,10
Henning,10
Henno,10
Henny,10
Henri,10
Henrick,10
Henrico,10
Henrie,10
Henrik,10
Henrique,10
Henry,10
Henryk,10
Hent,10
Heraclio,10
Herakles,10
Herald,10
Heraldo,10
Herbart,10
Herbert,10
Herberth,10
Herco,10
Herfst,10
Heriold,10
Herjan,10
Herke,10
Herko,10
Herkules,10
Herm,10
Herman,10
Hermanes,10
Hermann,10
Hermannus,10
Hermanus,10
Hermen,10
Hermes,10
Hernando,10
Hero,10
Herold,10
Herrald,10
Herre,10
Herrick,10
Herrik,10
Herry,10
Hersley,10
Hertwich,10
Hertzen,10
Herve,10
Herwig,10
Herwin,10
Hesli,10
Hesse,10
Hessel,10
Hesso,10
Hette,10
Hetzer,10
Hibbo,10
Hichan,10
Hidde,10
Hideharu,10
Hiebo,10
Hielke,10
Hielko,10
Hieronymus,10
Hijke,10
Hijko,10
Hijlco,10
Hike,10
Hilarius,10
Hilbert,10
Hilbrand,10
Hilco,10
Hild,10
Hildebrand,10
Hildert,10
Hildo,10
Hilgard,10
Hilgert,10
Hilkert,10
Hille,10
Hillebrand,10
Hiltjo,10
Hilverd,10
Hindrik,10
Hinke,10
Hinne,10
Hinno,10
Hinse,10
Hinte,10
Hippoliet,10
Hippolyte,10
Hippolytos,10
Hippomenes,10
Hirad,10
Hiram,10
Hiroshi,10
Hisco,10
Hisse,10
Hitte,10
Hjalmar,10
Hjalmr,10
Hoagy,10
Hoatse,10
Hob,10
Hobie,10
Hoeke,10
Hoempa,10
Hokurd,10
Holden,10
Holger,10
Holm,10
Holme,10
Homme,10
Honas,10
Honor,10
Honore,10
Honoré,10
Horace,10
Horatio,10
Horst,10
Hortensius,10
Hotse,10
Hotte,10
Hotze,10
Howard,10
Hrodgar,10
Hub,10
Hubb,10
Hubert,10
Hubertus,10
Hubrecht,10
Hubus,10
Huck,10
Huey,10
Hugh,10
Hugo,10
Hugues,10
Huib,10
Huibert,10
Huig,10
Huite,10
Humberto,10
Humfried,10
Humphrey,10
Humphry,10
Hun,10
Huseyin,10
Hüseyin,10
Huub,10
Huubke,10
Huug,10
Huxley,10
Hy,10
Hyacinthus,10
Hyacintus,10
Hylas,10
Hylco,10
Hylke,10
Hylle,10
Hymke,10
Hyperioon,10
Hypnos,10
Ian,10
Iannis,10
Iapetos,10
Iasoon,10
Iasos,10
Ib,10
Iba,10
Ibai,10
Iban,10
Ibbe,10
Ibbo,10
Ibe,10
Iben,10
Ibo,10
Ibon,10
Ibrahim,10
Ica,10
Ico,10
Idar,10
Idas,10
Idde,10
Iddo,10
Ide,10
Ido,10
Idris,10
Ids,10
Idsart,10
Idse,10
Idsert,10
Idwer,10
Idzard,10
Idzi,10
Iebe,10
Iebel,10
Iebele,10
Iede,10
Ieeuwen,10
Iegmar,10
Ieko,10
Ielde,10
Ieldert,10
Ielke,10
Iene,10
Iense,10
Iensen,10
Iente,10
Iep,10
Iepe,10
Ies,10
Iese,10
Ieske,10
Iete,10
Ietse,10
Ietsen,10
Ietze,10
Ietzen,10
Ieuke,10
Ieuwe,10
Ifitos,10
Ifor,10
Ige,10
Igge,10
Iggy,10
Igino,10
Igmar,10
Ignaas,10
Ignace,10
Ignard,10
Ignas,10
Ignatius,10
Ignats,10
Ignaz,10
Ignazio,10
Igno,10
Igo,10
Igor,10
Igram,10
IIan,10
IJe,10
IJme,10
Ijnte,10
Ijnze,10
Ijs,10
IJsbert,10
IJsbrand,10
Ijsbrecht,10
Ika,10
Ikaros,10
Ike,10
Iko,10
Ilaij,10
Ilan,10
Ilano,10
Ilari,10
Ilay,10
Ilco,10
Ildebrando,10
Ildefonso,10
Ile,10
Ilham,10
Ilian,10
Ilias,10
Ilioneus,10
Ilja,10
Ilko,10
Illian,10
Illiano,10
Illidan,10
Illo,10
Iloy,10
Ilya,10
Ilyas,10
Imad,10
Iman,10
Imanuel,10
Imber,10
Imbo,10
Imco,10
Ime,10
Imke,10
Imko,10
Immanuel,10
Immanuél,10
Immanuël,10
Imme,10
Immiel,10
Imraan,10
Imran,10
Imrane,10
Imre,10
Imro,10
Imruh,10
Inco,10
Inder,10
Indi,10
Indiana,10
Indie,10
Indjomar,10
Indra,10
Indre,10
Indy,10
Ineluki,10
Ingbert,10
Inge,10
Ingel,10
Ingelbert,10
Ingelhard,10
Ingelke,10
Ingelko,10
Ingelle,10
Ingemar,10
Ingle,10
Ingmar,10
Ingo,10
Ingold,10
Ingolf,10
Ingram,10
Ingvar,10
Ingwer,10
Inigo,10
Inke,10
Inni,10
Innie,10
Inno,10
Innocent,10
Innocentius,10
Ino,10
Inocencio,10
Inse,10
Inte,10
Into,10
Inus,10
Inver,10
Ioan,10
Iody,10
Iohannes,10
Ion,10
Ioon,10
Ipe,10
Ipke,10
Ipko,10
Ippolito,10
Ira,10
Iran,10
Iréné,10
Ireneus,10
Irmenbert,10
Irmfried,10
Irmin,10
Irone,10
Iros,10
Irvin,10
Irvine,10
Irving,10
Irwan,10
Irwin,10
Isaac,10
Isaac-Jan,10
Isaacson,10
Isaak,10
Isac,10
Isacco,10
Isack,10
Isah,10
Isaï,10
Isaiah,10
Isaias,10
Isaijah,10
Isar,10
Isas,10
Isbert,10
Ischa,10
Isea,10
Isen,10
Isfreid,10
Isha,10
Ishaan,10
Isham,10
Ishaq,10
Ishvara,10
Isidoor,10
Isidor,10
Isidore,10
Iskander,10
Ismael,10
Ismaël,10
Ismail,10
Ismenos,10
Ismet,10
Ismo,10
Israel,10
Israël,10
Issa,10
Issac,10
Istvan,10
István,10
Itamar,10
Itchie,10
Ito,10
Itse,10
Itsen,10
Itze,10
Itzel,10
Itzhak,10
Ivan,10
Ivano,10
Ivar,10
Ivary,10
Ive,10
Iven,10
Iver,10
Ives,10
Ivio,10
Ivo,10
Ivon,10
Ivor,10
Iwan,10
Iwar,10
Iwe,10
Iwo,10
Izaak,10
Izai,10
Izaki,10
Izakiël,10
Izan,10
Izar,10
Izay,10
Izebrand,10
Iziit,10
Izmaray,10
Izmir,10
Izo,10
Izzy,10
Jaak,10
Jaan,10
Jaap,10
Jaap-Adriaan,10
Jaap-Jan,10
Jaap-Joris,10
Jaas,10
Jabez,10
Jabo,10
Jac,10
Jacco,10
Jace,10
Jacek,10
Jacen,10
Jacinto,10
Jack,10
Jacko,10
Jackson,10
Jaco,10
Jacob,10
Jacobin,10
Jacobine,10
Jacobus,10
Jacopo,10
Jacques,10
Jaden,10
Jaean,10
Jael,10
Jafar,10
Jafet,10
Jag,10
Jagge,10
Jagger,10
Jago,10
Jahja,10
Jah-vencion,10
Jai,10
Jaibreyon,10
Jaiden,10
Jaidy,10
Jaiky,10
Jaime,10
Jaimy,10
Jair,10
Jaïr,10
Jairo,10
Jaironai,10
Jairzinho,10
Jaitse,10
Jaivey,10
Jaivy,10
Jake,10
Jakke,10
Jakko,10
Jako,10
Jakob,10
Jakobus,10
Jakub,10
Jakubv,10
Jalen,10
Jalil,10
Jalilo,10
Jalle,10
Jamai,10
Jamaí,10
Jamaï,10
Jamal,10
Jamala,10
Jamano,10
Jamay,10
James,10
Jameson,10
Jamey,10
Jamie,10
Jamiel,10
Jamil,10
Jamiro,10
Jamy,10
Jan,10
Jan-Arend,10
Jan-arie,10
Jan-bart,10
Janco,10
Jan-dirk,10
Jando,10
Jan-douwe,10
Jandré,10
Jane,10
Jan-Gerrit,10
Jango,10
Jan-hendrik,10
Janick,10
Janik,10
Janillio,10
Janis,10
Jan-Jaap,10
Janje,10
Jan-joost,10
Jan-Joris,10
Jan-Kees,10
Janko,10
Jan-Maarten,10
Jan-martijn,10
Jan-Maurits,10
Jan-Michael,10
Jann,10
Jannai,10
Janneau,10
Janneman,10
Jannes,10
Jannick,10
Jannik,10
Jannink,10
Jannis,10
Janno,10
Jano,10
Janoah,10
Janoe,10
Janos,10
Janothan,10
Janou,10
Jan-pieter,10
Jan-Rob,10
Jans,10
Janse,10
Janson,10
Jan-Stefan,10
Janten,10
Jantien,10
Jantijn,10
Jantje,10
Janus,10
Jan-Vincent,10
Janwillem,10
Jan-Willem,10
Jany,10
Jaochim,10
Jaouad,10
Jap,10
Japco,10
Japie,10
Japiejo,10
Japik,10
Japke,10
Jappie,10
Jaquan,10
Jaques,10
Jar,10
Jara,10
Jarco,10
Jarda,10
Jardi,10
Jared,10
Jarell,10
Jargo,10
Jari,10
Jarich,10
Jarid,10
Jarik,10
Jarill,10
Jarin,10
Jarino,10
Jaris,10
Jark,10
Jarko,10
Jarl,10
Jarle,10
Jarmaine,10
Jarmo,10
Jarn,10
Jarne,10
Jarni,10
Jarnick,10
Jarno,10
Jaro,10
Jarod,10
Jaromir,10
Jaron,10
Jarre,10
Jarrik,10
Jarrin,10
Jarst,10
Jarsto,10
Jart,10
Jaryd,10
Jas,10
Jascha,10
Jash,10
Jasim,10
Jasja,10
Jasmijn,10
Jason,10
Jaspar,10
Jasper,10
Jaspert,10
Jassu,10
Jaswinder,10
Jauke,10
Jauro,10
Javan,10
Javi,10
Javid,10
Javier,10
Javon,10
Jawed,10
Jawik,10
Jax,10
Jaxon,10
Jaxx,10
Jay,10
Jay,10
Jay,10
Jayce,10
Jaycen,10
Jaydee,10
Jayden,10
Jaydey,10
Jay-Jay,10
Jaylano,10
Jaylen,10
Jaylow,10
Jaysen,10
Jayson,10
Jayvano,10
Jayvë,10
Jayvi,10
Jazon,10
Jazz,10
Jazzley,10
Jean,10
Jean-Antoine,10
Jean-Carlo,10
Jean-Christophe,10
Jean-Claude,10
Jean-Louis,10
Jean-Luc,10
Jean-Marc,10
Jean-Maurice,10
Jean-Michel,10
Jeannot,10
Jeano,10
Jean-Paul,10
Jean-Pierre,10
Jeason,10
Jebb,10
Jebbe,10
Jeen,10
Jeevan,10
Jef,10
Jeff,10
Jeff-Herb,10
Jeffrey,10
Jeffried,10
Jeffry,10
Jefke,10
Jefry,10
Jefta,10
Jehan,10
Jehudi,10
Jel,10
Jelani,10
Jelbout,10
Jelco,10
Jeldert,10
Jelger,10
Jelies,10
Jelke,10
Jelland,10
Jelle,10
Jellis,10
Jelmar,10
Jelmer,10
Jelmo,10
Jels,10
Jelse,10
Jelt,10
Jelte,10
Jelto,10
Jemairo,10
Jemario,10
Jemé,10
Jemiro,10
Jemme,10
Jendis,10
Jendo,10
Jendrik,10
Jene,10
Jenke,10
Jenne,10
Jenneke,10
Jennis,10
Jenno,10
Jeno,10
Jens,10
Jensen,10
Jenson,10
Jens-Uwe,10
Jent,10
Jente,10
Jenten,10
Jentho,10
Jenze,10
Jeoffrey,10
Jeol,10
Jep,10
Jepke,10
Jeppe,10
Jered,10
Jerell,10
Jeremay,10
Jeremi,10
Jeremia,10
Jeremiah,10
Jeremias,10
Jeremie,10
Jeremy,10
Jerenaito,10
Jerfi,10
Jerico,10
Jerien,10
Jerke,10
Jerko,10
Jermain,10
Jermaine,10
Jermey,10
Jermias,10
Jermo,10
Jerne,10
Jerno,10
Jeroden,10
Jeroen,10
Jerom,10
Jeröm,10
Jerome,10
Jerôme,10
Jeromy,10
Jeron,10
Jeronimo,10
Jerónimo,10
Jeroom,10
Jeroy,10
Jerre,10
Jerre-Jan,10
Jerrel,10
Jerren,10
Jerrold,10
Jerry,10
Jerry-Kevin,10
Jersey,10
Jervel,10
Jerven,10
Jervin,10
Jerwel,10
Jerze,10
Jerzy,10
Jesceyro,10
Jeshaja,10
Jeshuroen,10
Jesiah,10
Jesley,10
Jeslyn,10
Jesper,10
Jesperi,10
Jess,10
Jesse,10
Jesse-James,10
Jessey,10
Jessiah,10
Jessie,10
Jessin,10
Jessy,10
Jesta,10
Jestah,10
Jestin,10
Jesús,10
Jethro,10
Jetse,10
Jetsko,10
Jette,10
Jetze,10
Jevgeni,10
Jevon,10
Jewan,10
Jewanah,10
Jezus,10
Jezz,10
Jhon,10
Jhonny,10
Jibbe,10
Jidde,10
Jiddo,10
Jielis,10
Jielus,10
Jigael,10
Jigal,10
Jijs,10
Jilco,10
Jildar,10
Jildert,10
Jildo,10
Jildou,10
Jilis,10
Jill,10
Jille,10
Jilles,10
Jillis,10
Jilmar,10
Jils,10
Jilt,10
Jim,10
Jimaro,10
Jimi,10
Jimke,10
Jimme,10
Jimmy,10
Jinne,10
Jinse,10
Jinten,10
Jip,10
Jippe,10
Jiri,10
Jirmey,10
Jiro,10
Jiry,10
Jisk,10
Jiska,10
Jismar,10
Jithran,10
Jits,10
Jitse,10
Jitze,10
Jivan,10
Jiwan,10
Jo,10
Joachim,10
Joachim-Jeroen,10
Joah,10
Joan,10
Joannes,10
Joannou,10
Joao,10
João,10
Joap,10
Joaquím,10
Joaquin,10
Joas,10
Job,10
Jobbe,10
Jobst,10
Joby,10
Jochem,10
Jochen,10
Jochgem,10
Jochum,10
Jock,10
Jodoc,10
Jodocus,10
Jody,10
Joe,10
Joel,10
Joël,10
Jóel,10
Joep,10
Joere,10
Joeri,10
Joerie,10
Joes,10
Joey,10
Joeye,10
Joffrey,10
Joffrie,10
Jogchem,10
Johan,10
Johanan,10
Johann,10
Johanneke,10
Johannes,10
Johanney,10
Johannis,10
Johannus,10
Johan-Olaf,10
Johanthan,10
Joheron,10
John,10
John-Eliot,10
John-Gabriel,10
Johnno,10
Johnny,10
John-Paul,10
Joi,10
Joia,10
Jojan,10
Jok,10
Jokum,10
Jolan,10
Jolando,10
Jolein,10
Jolier,10
Jolke,10
Jolle,10
Jolling,10
Jolmer,10
Jolt,10
Jomar,10
Jomme,10
Jon,10
Jona,10
Jonah,10
Jonas,10
Jonatan,10
Jonathan,10
Jonatijn,10
Jondalar,10
Jones,10
Jonge,10
Joni,10
Jonne,10
Jönne,10
Jonni,10
Jonno,10
Jonny,10
Jons,10
Jonty,10
Jony,10
Joof,10
Jools,10
Joonas,10
Joop,10
Joord,10
Joos,10
Joost,10
Jop,10
Jopi,10
Jopie,10
Joppe,10
Jor,10
Jorai,10
Joram,10
Joran,10
Joran-Dirk,10
Jorasio,10
Jord,10
Jordaan,10
Jordan,10
Jordanus,10
Jorden,10
Jordi,10
Jordie,10
Jordin,10
Jordy,10
Jordy-Joël,10
Jore,10
Jorely,10
Joren,10
Jorg,10
Jörg,10
Jorge,10
Jorgen,10
Jörgen,10
Jørgen,10
Jorgo,10
Jorgos,10
Jorgy,10
Jori,10
Jorian,10
Jorick,10
Jorid,10
Joridan,10
Jorien,10
Jorik,10
Jorinho,10
Joris,10
Joris-Jan,10
Jorit,10
Jork,10
Jorn,10
Jorne,10
Jorno,10
Jorny,10
Jorre,10
Jorren,10
Jorrik,10
Jorrin,10
Jorrín,10
Jorrit,10
Jorryt,10
Jort,10
Jorvin,10
Jorwan,10
Jory,10
Jos,10
Josbert,10
Josca,10
Jose,10
José,10
Josef,10
Joseph,10
Josephus,10
Josey,10
Josh,10
Josha,10
Joshua,10
Josia,10
Josiah,10
Josias,10
Josin,10
Josja,10
Joska,10
Josry,10
Joss,10
Josse,10
Jost,10
Jostein,10
Josua,10
Joswant,10
Jotham,10
Jothijs,10
Joti,10
Jou,10
Jouad,10
Joucke,10
Jouk,10
Jouke,10
Joup,10
Joury,10
Jouw,10
Jovanni,10
Jovi,10
Jovino,10
Jowan,10
Jowi,10
Jowy,10
Joy,10
Jozef,10
Jozeph,10
Jozua,10
Juan,10
Juan-Carlo,10
Juanito,10
Jubbe,10
Jubert,10
Jubo,10
Juda,10
Judah,10
Judas,10
Juffertje,10
Juhani,10
Juidas,10
Jukka,10
Jul,10
Julan,10
Jules,10
Juliaan,10
Julian,10
Juliano,10
Julianus,10
Julien,10
Juliën,10
Julio,10
Julius,10
Jullian,10
Jum,10
Junaid,10
Junayd,10
Junior,10
Juno,10
Junus,10
Jupiter,10
Jupke,10
Jupp,10
Jur,10
Jurfaas,10
Jurg,10
Jürg,10
Jurgen,10
Jürgen,10
Jurgo,10
Juri,10
Juriaan,10
Jurian,10
Jurie,10
Jurien,10
Juriën,10
Jurij,10
Jurijn,10
Jurinus,10
Jurjan,10
Jurjen,10
Jurmen,10
Jurn,10
Jurnel,10
Jurre,10
Jurren,10
Jurriaan,10
Jurrian,10
Jurrie,10
Jurriejan,10
Jurrien,10
Jurriën,10
Jurrijn,10
Jurrit,10
Jurry,10
Jurryt,10
Jurt,10
Jurwin,10
Jussi,10
Just,10
Justen,10
Justin,10
Justino,10
Justus,10
Juuk,10
Juul,10
Juulke,10
Juup,10
Juus,10
Juwin,10
Jylam,10
Jynor,10
Jyro,10
Kaan,10
Kaay,10
Kabie,10
Kacper,10
Kaden,10
Kader,10
Kadir,10
Kadmos,10
Kael,10
Kai,10
Kaikoura,10
Kain,10
Kaine,10
Kairo,10
Kaito,10
Kaj,10
Kajill,10
Kajim,10
Kajo,10
Kalaïs,10
Kalchas,10
Kaleb,10
Kalisto,10
Kalle,10
Kallie,10
Kallisto,10
Kalman,10
Kamiel,10
Kamil,10
Kanat,10
Kane,10
Kanouchy,10
Kanter,10
Karam,10
Karan,10
Kareem,10
Karel,10
Kariem,10
Karijn,10
Karik,10
Karim,10
Karl,10
Karlo,10
Karol,10
Karoy,10
Kars,10
Karst,10
Karsten,10
Karst-Jan,10
Karstjen,10
Kart,10
Karun,10
Karwin,10
Kas,10
Kashmir,10
Kasimir,10
Kaspar,10
Kasper,10
Kasperus,10
Kasten,10
Kastoor,10
Kasym,10
Katharinus,10
Kato,10
Katrinus,10
Kay,10
Kaya,10
Kayan,10
Kayceigh,10
Kaycey,10
Kayden,10
Kayen,10
Kayleigh,10
Kayliam,10
Kaylian,10
Kayne,10
Kayr,10
Kayra,10
Kean,10
Keandro,10
Keano,10
Keanu,10
Keenen,10
Kees,10
Keesjan,10
Kefeus,10
Keijo,10
Keimpe,10
Keiran,10
Keith,10
Keje,10
Kekei,10
Kekrops,10
Kelcie,10
Keldon,10
Kellij,10
Kelly,10
Kelsey,10
Kelt,10
Kelvin,10
Kempen,10
Ken,10
Kenan,10
Kenay,10
Kenji,10
Kenley,10
Kenn,10
Kennard,10
Kennedy,10
Kennet,10
Kenneth,10
Kennie,10
Kenny,10
Keno,10
Kenrick,10
Kent,10
Kenzie,10
Kenzo,10
Keo,10
Keon,10
Keran,10
Kerem,10
Kerian,10
Keriem,10
Kerneels,10
Kerr,10
Kerry,10
Kersen,10
Kersi,10
Kerst,10
Kerstan,10
Kerstin,10
Kervin,10
Kerwin,10
Kes,10
Kester,10
Keup,10
Kevan,10
Keven,10
Kevin,10
Kew,10
Keye,10
Keyhé,10
Keympe,10
Keyo,10
Keyx,10
Keziah,10
Khalid,10
Khelian,10
Khiron,10
Kian,10
Kiana,10
Kiany,10
Kick,10
Kid,10
Kiefer,10
Kiekel,10
Kier,10
Kieran,10
Kieron,10
Kiki,10
Kikker,10
Kiko,10
Kiley,10
Kilian,10
Killian,10
Kim,10
Kimberlee,10
Kimbo,10
Kimi,10
Kimm,10
Kimoi,10
Kinaï,10
Kingsley,10
Kino,10
Kinyas,10
Kio,10
Kion,10
Kiran,10
Kirby,10
Kirelo,10
Kirian,10
Kiril,10
Kirill,10
Kirk,10
Kiron,10
Kirsten,10
Kiry,10
Kishan,10
Kiske,10
Kit,10
Kito,10
Kjandro,10
Kjeld,10
Kjell,10
Kjell-Ake,10
Kjelt,10
Kjetil-Andre,10
Kjetl,10
Kjilt,10
Klaas,10
Klaas-Jan,10
Klaudius,10
Klaus,10
KLaus-Maria,10
Klaver,10
Klem,10
Klemens,10
Klement,10
Klijn,10
Klon,10
Kloris,10
Klurk,10
Knillis,10
Knjillis,10
Knud,10
Knut,10
Ko,10
Kobe,10
Kobus,10
Koeala,10
Koen,10
Koendert,10
Koenraad,10
Koenrad,10
Koers,10
Koert,10
Koios,10
Kola,10
Kolja,10
Kollo,10
Konda,10
Konni,10
Konraad,10
Konrad,10
Kontiki,10
Koop,10
Koos,10
Kor,10
Kornee,10
Korneel,10
Kornel,10
Kornelis,10
Kors,10
Korsten,10
Korstiaan,10
Kort,10
Korving,10
Kosja,10
Kosmo,10
Kostas,10
Krelis,10
Kreoon,10
Krijn,10
Krijno,10
Krijns,10
Kris,10
Krist,10
Krister,10
Kristiaan,10
Kristian,10
Kristof,10
Kristoff,10
Kristoffel,10
Krobon,10
Kryn,10
Krystian,10
Kuba,10
Kunibert,10
Kuno,10
Kurd,10
Kurijn,10
Kurt,10
Kurti,10
Kutt,10
Kuzey,10
Kwint,10
Kwinton,10
Kyan,10
Kyandro,10
Kyani,10
Kyano,10
Kyanu,10
Kyenno,10
Kyle,10
Kylian,10
Kyllian,10
Kyo,10
Kyran,10
Kyrian,10
Kyrill,10
Laas,10
Labam,10
Laban,10
Laërtes,10
Lagro,10
Lajos,10
Lalo,10
Lamar,10
Lambal,10
Lambert,10
Lambertus,10
Lambrecht,10
Lamby,10
Lammert,10
Lamont,10
Lamy,10
Lance,10
Lancelot,10
Landan,10
Lander,10
Landfried,10
Landolf,10
Landor,10
Lanfrey,10
Langdon,10
Langston,10
Lani,10
Lans,10
Lantos,10
Lanzo,10
Laokoöon,10
Lard,10
Lardo,10
Largo,10
Larry,10
Lars,10
Larz,10
Las,10
Lasse,10
Laszlo,10
Lats,10
Lau,10
Lauers,10
Laur,10
Lauran,10
Lauren,10
Laurence,10
Laurens,10
Laurens-Jan,10
Laurent,10
Laurentijn,10
Laurentius,10
Laurenz,10
Lauret,10
Lauri,10
Laurian,10
Laurids,10
Laurie,10
Lauris,10
Laurits,10
Lauritz,10
Laus,10
Laut,10
Lauw,10
Lauwke,10
Lauwrence,10
Lavino,10
Lavrans,10
Lawand,10
Lawrence,10
Lawson,10
Laymon,10
Layn,10
Lazare,10
Lazlo,10
Leaf,10
Lean,10
Leander,10
Leandro,10
Lebbe,10
Leco,10
Led,10
Lee,10
Leen,10
Leenard,10
Leendert,10
Leeroy,10
Lee-Roy,10
Leeuwe,10
Leffert,10
Lefterry,10
Legan,10
Lei,10
Leibert,10
Leidus,10
Leier,10
Leif,10
Leigh,10
Leijn,10
Leindert,10
Leis,10
Lele-Kalle,10
Lemmy,10
Lemuel,10
Len,10
Lenard,10
Lencho,10
Lencio,10
Lenco,10
Lenhard,10
Lenn,10
Lennaert,10
Lennard,10
Lennart,10
Lennerd,10
Lennert,10
Lennie,10
Lenno,10
Lennon,10
Lennox,10
Lenny,10
Lens,10
Lente,10
Leo,10
Leofried,10
Leon,10
Leonard,10
Leonardo,10
Leonardus,10
Leonato,10
Leonce,10
Leone,10
Leonhard,10
Leonhardt,10
Leonid,10
Leonidas,10
Leon-Jacob,10
Leonnello,10
Leopold,10
Leopoldo,10
Lerang,10
Leron,10
Leroy,10
Les,10
Lesley,10
Leslie,10
Lesly,10
Lester,10
Leupold,10
Leuwe,10
Lev,10
Levani,10
Levi,10
Levie,10
Levijn,10
Levin,10
Levinio,10
Levinus,10
Levon,10
Levy,10
Lewie,10
Lewis,10
Lex,10
Lexus,10
Ley,10
Leyto,10
Liam,10
Liang,10
Liano,10
Libbe,10
Libert,10
Libertus,10
Libor,10
Liborius,10
Librecht,10
Lidovic,10
Lidy,10
Lienard,10
Lieo,10
Lierroy,10
Liesbert,10
Liet,10
Lieuwco,10
Lieuwe,10
Lieuwke,10
Lieve,10
Lieven,10
Lievijn,10
Lievin,10
Lijbert,10
Lijon,10
Lijsbertus,10
Likele,10
Lilian,10
Lincoln,10
Lindert,10
Lindo,10
Lindon,10
Lindsay,10
Line,10
Linford,10
Lino,10
Linos,10
Linus,10
Lio,10
Lion,10
Lionardo,10
Lionel,10
Lionell,10
Lionello,10
Lipbertus,10
Lippo,10
Liron,10
Litman,10
Lits,10
Litse,10
Liuwe,10
Livai,10
Livio,10
Livius,10
Liwon,10
Liyam,10
Llandor,10
Lleighton,10
Lleyton,10
Lloyd,10
Lo,10
Loadewyk,10
Lobbe,10
Lode,10
Lodewijk,10
Lodewyck,10
Lodovico,10
Lody,10
Loe,10
Loef,10
Loek,10
Loerte,10
Loet,10
Logan,10
Loïc,10
Lolle,10
Lomme,10
Lon,10
Lonardus,10
Long,10
Lonja,10
Looi,10
Lor,10
Loran,10
Loren,10
Lorens,10
Lorenz,10
Lorenzo,10
Loreto,10
Loris,10
Loritz,10
Lothar,10
Lou,10
Louay,10
Louca,10
Louis,10
Louis-Paul,10
Louis-Peter,10
Louk,10
Louran,10
Lourens,10
Lourins,10
Louw,10
Louwrens,10
Lowen,10
Lowie,10
Lowies,10
Loy,10
Loyd,10
Lubbe,10
Lubbert,10
Luc,10
Luca,10
Lucan,10
Lucas,10
Lucca,10
Lucean,10
Luchino,10
Lucho,10
Luciaan,10
Lucian,10
Luciano,10
Lucianus,10
Lucien,10
Lucio,10
Lucius,10
Lucky,10
Luco,10
Lucrezio,10
Lude,10
Ludger,10
Ludo,10
Ludolf,10
Ludolph,10
Ludovic,10
Ludovicus,10
Ludwig,10
Luglio,10
Luigi,10
Luigino,10
Luis,10
Luit,10
Luka,10
Lukas,10
Lukas-Pjotr,10
Lukasz,10
Luke,10
Lulo,10
Lundert,10
Lungile,10
Lupko,10
Lus,10
Lusander,10
Luteijn,10
Lutger,10
Luthe,10
Luther,10
Lutke,10
Lutsen,10
Lutte,10
Luuc,10
Luuk,10
Luut,10
Luwe,10
Lux,10
Lyall,10
Lyam,10
Lyckele,10
Lyke,10
Lykele,10
Lykle,10
Lyle,10
Lyndel,10
Lynkeus,10
Lynn,10
Lynndell,10
Lysander,10
Lysandro,10
Lysbert,10
Maarten,10
Maas,10
Mabrun,10
Mac,10
Mace,10
Maceo,10
Machael,10
Machias,10
Machiel,10
Machiels,10
Machion,10
Mack,10
MacKenzie,10
Macona,10
Macualy,10
Maday,10
Maddox,10
Madhu,10
Madoc,10
Mads,10
Maël,10
Maerten,10
Maes,10
Mafku,10
Magarius,10
Magiel,10
Magnus,10
Mahen,10
Maher,10
Mahir,10
Mahmud,10
Maichail,10
Maichel,10
Maickel,10
Maico,10
Maiek,10
Maik,10
Maikel,10
Maikey,10
Maiko,10
Maikol,10
Maiky,10
Mailo,10
Maino,10
Maintse,10
Mais,10
Maixent,10
Majid,10
Makrius,10
Maksiem,10
Maksymilian,10
Malachy,10
Malcolm,10
Malik,10
Malko,10
Malte,10
Malvino,10
Mamdouh,10
Mamertus,10
Manasse,10
Mander,10
Mandrask,10
Mandus,10
Mane,10
Manel,10
Manfred,10
Manfredo,10
Manjek,10
Manne,10
Mannes,10
Manno,10
Mano,10
Manoah,10
Manolito,10
Manolo,10
Manou,10
Mans,10
Mante,10
Manten,10
Manu,10
Manuel,10
Manuele,10
Manus,10
Mar,10
Marc,10
Marc-Anthony,10
Marceau,10
Marcel,10
Marceliano,10
Marcelino,10
Marcelis,10
Marcelius,10
Marcellin,10
Marcellino,10
Marcellinus,10
Marcello,10
Marcellus,10
Marcelo,10
Marcha,10
Marchellito,10
Marchetto,10
Marchiel,10
Marchionne,10
Marciano,10
Marcin,10
Marcio,10
Marck,10
Marc-Kevin,10
Marc-Marie,10
Marco,10
Marcon,10
Marcos,10
Marc-Philip,10
Marc-Philippe,10
Marcus,10
Mardon,10
Marein,10
Marek,10
Marello,10
Mareno,10
Mari,10
Mariano,10
Marianus,10
Maric,10
Marick,10
Marien,10
Marijn,10
Marik,10
Marin,10
Marinko,10
Marino,10
Marinus,10
Mario,10
Marion,10
Marios,10
Maris,10
Mariso,10
Marius,10
Marjo,10
Mark,10
Marko,10
Mark-Paul,10
Mark-Pieter,10
Mark-Toine,10
Markus,10
Markward,10
Marle,10
Marley,10
Marlien,10
Marlijn,10
Marlin,10
Marlino,10
Marlison,10
Marlo,10
Marlon,10
Mar-Luc,10
Marne,10
Marnick,10
Marniek,10
Marnik,10
Marniks,10
Marniq,10
Marnix,10
Maro,10
Maroel,10
Maros,10
Marouan,10
Marquad,10
Marrick,10
Marrin,10
Marro,10
Marrus,10
Mars,10
Marselus,10
Marshall,10
Mart,10
Martan,10
Marten,10
Martenjob,10
Martes,10
Marthijn,10
Marthijs,10
Marthus,10
Martial,10
Martien,10
Martientje,10
Martijn,10
Martin,10
Martinien,10
Martino,10
Martinus,10
Mart-Jan,10
Martón,10
Martyn,10
Martzen,10
Marus,10
Marvat,10
Marvel,10
Marvelino,10
Marvin,10
Marwan,10
Marwin,10
Marx,10
Maryn,10
Maryono,10
Marzio,10
Mas,10
Masahiko,10
Masaya,10
Mason,10
Massari,10
Massimiano,10
Massimiliano,10
Massimo,10
Master,10
Matan,10
Matein,10
Mateo,10
Mathe,10
Mathé,10
Matheo,10
Matheu,10
Matheus,10
Mathew,10
Mathias,10
Mathies,10
Mathieu,10
Mathijn,10
Mathijs,10
Mathis,10
Mathiss,10
Mathisse,10
Mathon,10
Maths,10
Mathuw,10
Mathy,10
Mathyn,10
Mathys,10
Matijn,10
Matijs,10
Matis,10
Matisse,10
Matiz,10
Matkel,10
Mato,10
Mats,10
Matse,10
Matt,10
Matte,10
Matteo,10
Mattes,10
Mattheus,10
Matthew,10
Matthias,10
Matthieu,10
Matthieuw,10
Matthijn,10
Matthijs,10
Matthio,10
Matthis,10
Matti,10
Mattias,10
Mattijs,10
Mattyn,10
Matys,10
Matz,10
Mauk,10
Maup,10
Maureen,10
Mauri,10
Mauric,10
Maurice,10
Mauricio,10
Maurick,10
Maurijn,10
Maurik,10
Maurillio,10
Maurin,10
Maurinus,10
Mauritio,10
Mauritius,10
Maurits,10
Maurits-Jan,10
Maurizio,10
Maurizzio,10
Mauro,10
Maury,10
Maut,10
Max,10
Maxim,10
Maxime,10
Maximiliaan,10
Maximilian,10
Maximo,10
Maximus,10
Maxuel,10
Maxuelle,10
Maxwell,10
Maxx,10
Mayah,10
Mayke,10
Maykel,10
Mayro,10
Mayson,10
Maze,10
Mead,10
Mechiel,10
Meck,10
Mecx,10
Medan,10
Medard,10
Medardo,10
Medi,10
Medoon,10
Meef,10
Meen,10
Meenard,10
Meente,10
Meer,10
Meerten,10
Meertinus,10
Mees,10
Meeuw,10
Meeuwis,10
Megan,10
Megareus,10
Megin,10
Mehdy,10
Mehmet,10
Meie,10
Meije,10
Meile,10
Meilem,10
Meilom,10
Mein,10
Meindert,10
Meine,10
Meinert,10
Meinfried,10
Meinhard,10
Meinhold,10
Meino,10
Meis,10
Mekko,10
Mel,10
Melcher,10
Melchior,10
Melchiore,10
Melfrin,10
Melger,10
Melgior,10
Melgor,10
Melian,10
Melih,10
Melker,10
Melkior,10
Melle,10
Mellem,10
Mellis,10
Melo,10
Melrone,10
Melroy,10
Mels,10
Melville,10
Melvin,10
Melvyn,10
Melwin,10
Memphis,10
Menahem,10
Menasse,10
Mendel,10
Mendior,10
Mendo,10
Menelaos,10
Menico,10
Menk,10
Menko,10
Menne,10
Mennie,10
Menno,10
Menoikeus,10
Menso,10
Mentoor,10
Menzel,10
Menzo,10
Meo,10
Mequo,10
Mercator,10
Mercurius,10
Merel,10
Mergen,10
Merien,10
Merijn,10
Merijnen,10
Merik,10
Merinus,10
Merkus,10
Merle,10
Merleau,10
Merlijn,10
Merlin,10
Merquin,10
Merrick,10
Merrit,10
Mert,10
Merthein,10
Merthijn,10
Mertijn,10
Mervin,10
Mervyn,10
Merwin,10
Mesach,10
Messi,10
Metin,10
Metodio,10
Mette,10
Metten,10
Mew,10
Mex,10
Mexx,10
Meyns,10
Meyrick,10
Meze,10
Miao,10
Micah,10
Mich,10
Micha,10
Michael,10
Michaël,10
Michael-Anthony,10
Michael-Thomas,10
Michal,10
Michal-Stanislav,10
Michar,10
Michel,10
Michelangelo,10
Michel-Angelo,10
Michele,10
Michiel,10
Michio,10
Mick,10
Mickael,10
Mickel,10
Mickey,10
Micky,10
Mida,10
Midas,10
Midge,10
Mido,10
Miel,10
Miels,10
Miens,10
Miente,10
Mies,10
Migaita,10
Migel,10
Migiel,10
Miguel,10
Mihai,10
Mijndert,10
Mik,10
Mika,10
Mikael,10
Mikai,10
Mikail,10
Mikal,10
Mike,10
Mikel,10
Mikey,10
Mikhail,10
Mikkel,10
Mikkie,10
Mikkiel,10
Mikky,10
Miklas,10
Miklos,10
Miky,10
Mil,10
Milan,10
Milangelo,10
Milano,10
Milas,10
Milco,10
Mile,10
Miles,10
Miliaan,10
Miliam,10
Milian,10
Milko,10
Millan,10
Millard,10
Miller,10
Millo,10
Millow,10
Milo,10
Milos,10
Milosz,10
Milton,10
Mindert,10
Ming,10
Mingo,10
Mingus,10
Minje,10
Mink,10
Minko,10
Minne,10
Mino,10
Minor,10
Minos,10
Minte,10
Minto,10
Minton,10
Minze,10
Mio,10
Miquel,10
Miqueli,10
Miquell,10
Mirac,10
Miraç,10
Miran,10
Mirec,10
Mirk,10
Mirkaza,10
Mirko,10
Miro,10
Miró,10
Miron,10
Mirsad,10
Mirza,10
Misael,10
Mischa,10
Misha,10
Mishel,10
Misja,10
Miska,10
Mistafa,10
Mitch,10
Mitchel,10
Mitchell,10
Mithras,10
Mitrei,10
Mitsah,10
Mitz,10
Mitzy,10
Mixiam,10
Mladen,10
MMarciano,10
Mo,10
Moby,10
Moc,10
Modeste,10
Moene,10
Moesa,10
Mogens,10
Mohamed,10
Mohammed,10
Moheddine,10
Moirès,10
Mon,10
Monchi,10
Mong,10
Monroe,10
Monty,10
Moon,10
Moonray,10
Moor,10
Moos,10
Morciano,10
Mordechai,10
Moreno,10
Morenzio,10
Moretto,10
Morfeus,10
Morgan,10
Mories,10
Morillo,10
Moritz,10
Morris,10
Morrisey,10
Morrison,10
Morris-Pim,10
Morten,10
Morton,10
Moshe,10
Moshen,10
Mostapha,10
Moteil,10
Mourad,10
Moussa,10
Moustafa,10
Mout,10
Mozes,10
Mrabet,10
Muith,10
Murat,10
Murillo,10
Murk,10
Murphy,10
Murray,10
Musa,10
Mustafa,10
Mustapha,10
Muus,10
Myka,10
Mykon,10
Mylan,10
Mylo,10
Mylon,10
Myran,10
Myron,10
Myron,10
Naard,10
Naarsie,10
Naas,10
Nabil,10
Nabor,10
Naboth,10
Nacht,10
Naddy,10
Nadeem,10
Nadir,10
Nafiessou,10
Naftali,10
Naftoli,10
Naguy,10
Nahla,10
Nahrenjo,10
Naila,10
Najil,10
Najim,10
Naldo,10
Nalle,10
Naman,10
Namme,10
Nan,10
Nanco,10
Nand,10
Nander,10
Nando,10
Nandus,10
Nandy,10
Nanko,10
Nanne,10
Nanno,10
Nano,10
Nanouck,10
Naoufel,10
Nap,10
Napoleon,10
Napoleone,10
Narada,10
Naradi,10
Narcissus,10
Nard,10
Narde,10
Nardi,10
Nardo,10
Nardus,10
Naro,10
Nas,10
Nash,10
Nashua,10
Nassim,10
Nat,10
Natan,10
Nate,10
Nathan,10
Nathaniel,10
Nathaniël,10
Naud,10
Naudin,10
Naut,10
Navaho,10
Navarone,10
Nawfal,10
Nazar,10
Nazarius,10
Nazim,10
Nazzaro,10
Neal,10
Neane,10
Neapoleone,10
Ned,10
Nedim,10
Neel,10
Neeldert,10
Neele,10
Neeles,10
Neelke,10
Neelt,10
Nehemia,10
Nehemias,10
Neil,10
Nele,10
Neleno,10
Nelis,10
Nelle,10
Nello,10
Nelson,10
Nemo,10
Nenno,10
Neo,10
Neoptolemos,10
Neptune,10
Neptunus,10
Nereus,10
Nero,10
Nes,10
Nessos,10
Nesta,10
Nestoor,10
Nestor,10
Net,10
Nevil,10
Nevin,10
Nevlin,10
Niall,10
Niamh,10
Nicander,10
Nicho,10
Nicholas,10
Nick,10
Nickel,10
Nickey,10
Nickolas,10
Nicky,10
Nico,10
Nicobert,10
Nicodemus,10
Nicola,10
Nicolaas,10
Nicolaes,10
Nicolai,10
Nicolas,10
Nicolás,10
Nicolaus,10
Nicolino,10
Nicolo,10
Niec,10
Niek,10
Nieko,10
Niekus,10
Niel,10
Niels,10
Nigato,10
Nigel,10
Nijs,10
Nik,10
Nikai,10
Nikander,10
Nikay,10
Nike,10
Niki,10
Nikita,10
Nikkela,10
Nikki,10
Niklaas,10
Niklas,10
Niklaus,10
Niko,10
Nikodem,10
Nikolaas,10
Nikolai,10
Nikolaj,10
Nikolas,10
Nikolaus,10
Nikos,10
Nilani,10
Niles,10
Nille,10
Nilles,10
Nillis,10
Nils,10
Nim,10
Nimrod,10
Nino,10
Nioh,10
Nirvana,10
Nis,10
Nisse,10
Nissir,10
Nithin,10
Nitin,10
Nivard,10
Njord,10
Noa,10
Noach,10
Noah,10
Noam,10
Noan,10
Noble,10
Noco,10
Noddy,10
Noe,10
Noë,10
Noel,10
Noël,10
Noen,10
Noha,10
Noie,10
Nol,10
Nolan,10
Nold,10
Noldus,10
Nolke,10
Nolle,10
Nomad,10
Nonias,10
Nopales,10
Norbert,10
Norbertus,10
Nordin,10
Noriaki,10
Norik,10
Norio,10
Norman,10
Normen,10
Norris,10
Nort,10
North,10
Norwin,10
Nosmo,10
Noud,10
Nouh,10
Nouran,10
Nourdin,10
Noureddine,10
Nouredine,10
Nouri,10
Nourian,10
Noury,10
Nout,10
Nox,10
Nuno,10
Nunzio,10
Nuquyel,10
Nurettin,10
Nuri,10
Nye,10
Nyk,10
Nykle,10
Nylo,10
Nys,10
Nysa,10
Nysius,10
Oabel,10
Oaberam,10
Oabram,10
Oadam,10
Oade,10
Oaderjaan,10
Oagje,10
Oalderk,10
Oale,10
Oalf,10
Oalt,10
Oame,10
Oamel,10
Oane,10
Oaries,10
Oarnd,10
Oast,10
Obbe,10
Obbo,10
Obe,10
Oberon,10
Obrick,10
Ocean,10
Octaaf,10
Octave,10
Octavianus,10
Octavio,10
Octavius,10
Octavus,10
Odde,10
Oddo,10
Oddone,10
Ode,10
Odemar,10
Odeon,10
Odiel,10
Odile,10
Odilo,10
Odilon,10
Odin,10
Odion,10
Odmar,10
Odo,10
Odon,10
Oduif,10
Odyn,10
Oebe,10
Oebele,10
Oeble,10
Oede,10
Oeds,10
Oedsen,10
Oege,10
Oek,10
Oelbert,10
Oele,10
Oene,10
Oeriel,10
Oets,10
Ofek,10
Ofke,10
Ofori,10
Oger,10
Ogier,10
Oguz,10
Ohran,10
Oichert,10
Oike,10
Oink,10
Oisin,10
Okel,10
Oki,10
Okke,10
Okki,10
Okko,10
Oktavio,10
Ola,10
Olaf,10
Olav,10
Olbert,10
Olderico,10
Olderik,10
Oldrick,10
Oldrik,10
Ole,10
Oleg,10
Olf,10
Olferd,10
Olfert,10
Olger,10
Olindo,10
Oliver,10
Olivier,10
Oliviero,10
Oliwier,10
Olle,10
Olli,10
Ollie,10
Olliefred,10
Olly,10
Olmo,10
Olof,10
Olov,10
Olrik,10
Olsen,10
Olsi,10
Oltman,10
Oluf,10
Olus,10
Olvin,10
Omar,10
Omario,10
Omer,10
Ömer,10
Omero,10
Omri,10
One,10
Onfredo,10
Onke,10
Onko,10
Onne,10
Onno,10
Onofre,10
Onorato,10
Onorio,10
Oof,10
Oole,10
Oolke,10
Oong,10
Oost,10
Ophir,10
Optimus,10
Orazio,10
Orban,10
Orcun,10
Oreli,10
Orestes,10
Orfeus,10
Orhan,10
Orin,10
Oriol,10
Orjan,10
Orlando,10
Orly,10
Ornan,10
Orpheus,10
Orrin,10
Orso,10
Orson,10
Ortwin,10
Oscar,10
Osis,10
Oskar,10
Osman,10
Osmond,10
Ossip,10
Oswald,10
Oswin,10
Ot,10
Otakar,10
Otello,10
Otger,10
Othello,10
Othmar,10
Othniel,10
Othon,10
Otis,10
Otman,10
Otmar,10
Ottavi,10
Otte,10
Otto,10
Ottofried,10
Ottorinus,10
Otwin,10
Ougust,10
Ouke,10
Oumar,10
Outger,10
Outse,10
Ouwe,10
Ouwert,10
Ovain,10
Ovide,10
Ovidius,10
Owain,10
Owen,10
Owin,10
Oz,10
Ozan,10
Ozzy,10
Paabio,10
Paauwel,10
Paavo,10
Pabe,10
Pablo,10
Pabus,10
Pacey,10
Pacifico,10
Paco,10
Paddy,10
Padraig,10
Padrig,10
Paessin,10
Paho,10
Paiter,10
Pako,10
Pale,10
Palle,10
Palmeré,10
Palmiro,10
Palmo,10
Pancho,10
Pancras,10
Paoio,10
Paolino,10
Paolo,10
Paquito,10
Parcifal,10
Parfait,10
Parfen,10
Paris,10
Parker,10
Parlan,10
Parwesh,10
Pascal,10
Pascha,10
Paschalis,10
Pascoe,10
Pascual,10
Paskal,10
Pasquale,10
Pasqualino,10
Passchier,10
Pat,10
Patchaï,10
Pater,10
Pato,10
Patric,10
Patrice,10
Patrich,10
Patricio,10
Patricius,10
Patrick,10
Patrik,10
Patrique,10
Patriz,10
Patrizio,10
Patroklos,10
Patryk,10
Pattickin,10
Patwin,10
Pau,10
Pauel,10
Pauke,10
Paul,10
Paulin,10
Paulino,10
Paulinus,10
Paulo,10
Paulus,10
Pauw,10
Pauwel,10
Pauwels,10
Pavan,10
Pavel,10
Pavlik,10
Pavlos,10
Pawl,10
Pax,10
Pecko,10
Peder,10
Pedro,10
Peele,10
Peep,10
Peer,10
Peerke,10
Peet,10
Peetie,10
Peiter,10
Pekka,10
Pelagius,10
Pelayo,10
Peleus,10
Pelgrim,10
Pelias,10
Pelie,10
Pelle,10
Pelops,10
Pepe,10
Pepi,10
Pepijn,10
Pepito,10
Peppe,10
Peppo,10
Pepyn,10
Per,10
Percey,10
Percy,10
Peregrino,10
Perez,10
Perijn,10
Perisch,10
Peroniek,10
Perré,10
Perrin,10
Perry,10
Perseus,10
Persijn,10
Peten,10
Peter,10
Peter-Bas,10
Peter-Jan,10
Petey,10
Petr,10
Petrie,10
Petro,10
Petrus,10
Petry,10
Peye,10
Peyo,10
Peyton,10
Phayen,10
Phiebe,10
Phil,10
Philan,10
Philemon,10
Philibert,10
Philip,10
Philippe,10
Phillip,10
Phillipe,10
Philo,10
Phin,10
Phineas,10
Phocas,10
Phoenix,10
Phyllon,10
Pibe,10
Pico,10
Pie,10
Piebe,10
Piedro,10
Pieja,10
Pier,10
Pierce,10
Pierguido,10
Pierino,10
Pierke,10
Pierluigi,10
Piero,10
Pierre,10
Pierrent,10
Piet,10
Pieter,10
Pieter-Bas,10
Pieterjan,10
Pieter-Jan,10
Pietertje,10
Piet-Hein,10
Pietje,10
Pietrio,10
Pietro,10
Pijke,10
Pike,10
Piko,10
Pilgrim,10
Pille,10
Pim,10
Pim-Morris,10
Pio,10
Pioter,10
Piotr,10
Pippijn,10
Pippo,10
Pirmin,10
Pirmo,10
Pit,10
Piter,10
Piterke,10
Pito,10
Pittheus,10
Pius,10
Pjotr,10
Placid,10
Placido,10
Plaskoe,10
Plato,10
Plautus,10
Pleun,10
Pleuni,10
Plontjie,10
Pluk,10
Pluto,10
Plym,10
Pobe,10
Pol,10
Poldo,10
Polle,10
Polleke,10
Pollo,10
Polo,10
Polybos,10
Polydoor,10
Polyfemos,10
Pom,10
Pompeius,10
Pompeo,10
Pontiaan,10
Pontos,10
Popco,10
Pope,10
Popke,10
Poppe,10
Poppes,10
Porgy,10
Postumus,10
Pou,10
Poul,10
Poultje,10
Poulus,10
Pouw,10
Pouwel,10
Povel,10
Powers,10
Poyraz,10
Preben,10
Prego,10
Prekket,10
Prem,10
Premnath,10
Presley,10
Preston,10
Priamos,10
Price,10
Pride,10
Prim,10
Primcha,10
Primo,10
Primus,10
Prince,10
Prins,10
Prior,10
Prispèr,10
Pro,10
Probus,10
Prometheus,10
Prosper,10
Proteus,10
Prudens,10
Prudent,10
Puck,10
Puer,10
Puk,10
Pumpy,10
Purcy,10
Purrel,10
Pybe,10
Pyke,10
Pylades,10
Pypke,10
Pyrgus,10
Pyt,10
Qilan,10
Qo,10
Quando,10
Quardany,10
Quasimodo,10
Qudo,10
Quentin,10
Querijn,10
Quest,10
Quico,10
Quido,10
Quigley,10
Quijahn,10
Quin,10
Quinc,10
Quince,10
Quincent,10
Quincy,10
Quindeus,10
Quinlan,10
Quinn,10
Quino,10
Quint,10
Quinte,10
Quinten,10
Quintes,10
Quintien,10
Quintijn,10
Quintilianus,10
Quintillus,10
Quintin,10
Quint-Jan,10
Quinto,10
Quinton,10
Quintus,10
Quinty,10
Quinz,10
Quinzjel,10
Quiran,10
Quirien,10
Quirijn,10
Quirino,10
Quirinus,10
Quiryn,10
Quy,10
Raaf,10
Raavi,10
Rachid,10
Radalf,10
Radan,10
Radaroen,10
Radboud,10
Rade,10
Radek,10
Radfried,10
Radhu,10
Radj,10
Radjen,10
Radjino,10
Radjoe,10
Radmer,10
Radolf,10
Radoslav,10
Radovan,10
Raemon,10
Raf,10
Rafael,10
Rafaël,10
Rafaello,10
Rafaelo,10
Rafal,10
Raff,10
Raffaelo,10
Raffick,10
Raffie,10
Raffiek,10
Rafi,10
Rafiq,10
Ragan,10
Ragdy,10
Ragnar,10
Ragnvald,10
Rahied,10
Rahmon,10
Rahul,10
Raico,10
Raiden,10
Raiesh,10
Raiko,10
Railey,10
Raimo,10
Raimond,10
Raimondo,10
Raimund,10
Raimundo,10
Rain,10
Rainaldo,10
Rainer,10
Rainier,10
Rainy,10
Rajco,10
Ralf,10
Ralph,10
Ram,10
Ramazan,10
Rambaldo,10
Rambert,10
Rambo,10
Rami,10
Ramin,10
Ramino,10
Ramiro,10
Ramon,10
Ramón,10
Ramond,10
Ramone,10
Ramses,10
Ramson,10
Ramy,10
Ramyar,10
Ramzi,10
Ranan,10
Randal,10
Randall,10
Randolf,10
Randolph,10
Randy,10
Ranec,10
Rangel,10
Ranjan,10
Rankon,10
Ranni,10
Ransom,10
Raoel,10
Raony,10
Raoul,10
Raph,10
Raphael,10
Raphaël,10
Rapke,10
Rashid,10
Rashied,10
Rasmus,10
Raul,10
Raun,10
Ravael,10
Ravaldo,10
Rave,10
Raven,10
Ravi,10
Ravier,10
Raviv,10
Rawien,10
Ray,10
Rayaan,10
Rayan,10
Rayen,10
Rayèn,10
Raylison,10
Raymi,10
Raymon,10
Raymond,10
Rayn,10
Raynaud,10
Rayvano,10
Reamon,10
Reaven,10
Rebel,10
Recano,10
Red,10
Reda,10
Redlef,10
Redmar,10
Redmer,10
Redney,10
Redouan,10
Reduan,10
Reece,10
Reemt,10
Reese,10
Reeve,10
Reg,10
Reggie,10
Reggo,10
Reggy,10
Regi,10
Reginald,10
Reginaldo,10
Regner,10
Regy,10
Reid,10
Reider,10
Reidert,10
Reigherd,10
Reijer,10
Reimer,10
Reimon,10
Rein,10
Reinaard,10
Reinaart,10
Reinaert,10
Reinald,10
Reinaldo,10
Reinbert,10
Reinbrand,10
Reinder,10
Reindert,10
Reiner,10
Reinhard,10
Reinhoud,10
Reinier,10
Reink,10
Reinko,10
Reino,10
Reinold,10
Reinou,10
Reinoud,10
Reinout,10
Reint,10
Reist,10
Reitse,10
Reitze,10
Reke,10
Relusv,10
Rem,10
Rembrandt,10
Remco,10
Remi,10
Remidius,10
Remies,10
Remigio,10
Remigius,10
Remkes,10
Remko,10
Remme,10
Remmelt,10
Remmert,10
Remmet,10
Remo,10
Remon,10
Remond,10
Remondo,10
Remus,10
Remy,10
Ren,10
Renaat,10
Renaldo,10
Renard,10
Renardo,10
Renato,10
Renatus,10
Renaud,10
Renco,10
Rendy,10
Rene,10
René,10
Renger,10
Renier,10
Reniet,10
Renighel,10
Renke,10
Rennie,10
Renny,10
Reno,10
Rens,10
Rense,10
Renske,10
Renze,10
Renzo,10
Reon,10
Resi,10
Residosio,10
Reszö,10
Rett,10
Reugene,10
Reurik,10
Reus,10
Reva,10
Reve,10
Revi,10
Rewie,10
Rex,10
Rey,10
Reyer,10
Reyes,10
Reynaldo,10
Reynier,10
Reyno,10
Reza,10
Rezan,10
Rezso,10
Rhandy,10
Rhazel,10
Rheandro,10
Rhino,10
Rhodan,10
Rhune,10
Rhys,10
Riaaz,10
Rian,10
Ric,10
Ricardo,10
Riccardo,10
Ricco,10
Richard,10
Richardis,10
Richardus,10
Richel,10
Richie,10
Richte,10
Rick,10
Rickard,10
Rickert,10
Ricket,10
Rickey,10
Rickie,10
Ricky,10
Rico,10
Ridder,10
Ridge,10
Ridley,10
Ridolfo,10
Riek,10
Riekelt,10
Rieko,10
Rieks,10
Riemco,10
Rieme,10
Riemer,10
Rien,10
Riender,10
Rienier,10
Rienk,10
Rienke,10
Rienki,10
Rienko,10
Rieno,10
Rient,10
Rients,10
Rienzo,10
Ries,10
Riet,10
Riewert,10
Riff,10
Rigobert,10
Rigter,10
Riikard,10
Rijk,10
Rik,10
Rikard,10
Rikke,10
Rikkert,10
Rikki,10
Rikkie,10
Rikky,10
Rikolf,10
Rikolv,10
Riks,10
Rikus,10
Riley,10
Rimmert,10
Rimski,10
Rin,10
Rinaldo,10
Rindert,10
Rindje,10
Ringo,10
Rinie,10
Rink,10
Rinke,10
Rinko,10
Rino,10
Rins,10
Rinse,10
Rint,10
Rintin,10
Rintje,10
Rinus,10
Riny,10
Rinze,10
Rio,10
Rionaldo,10
Riordon,10
Risto,10
Ritchie,10
Ritger,10
Rithbertus,10
Ritsaard,10
Ritsaart,10
Ritsart,10
Ritsert,10
Ritske,10
Riv,10
Riva,10
Rivano,10
Riven,10
River,10
Rivlinho,10
Rizzle,10
Roald,10
Roan,10
Roanco,10
Roanes,10
Roar,10
Roarke,10
Rob,10
Robair,10
Robbe,10
Robbert,10
Robbert-Jan,10
Robbie,10
Robbin,10
Robbrecht,10
Robby,10
Robel,10
Robert,10
Robertino,10
Robert-Jan,10
Roberto,10
Robertus,10
Robin,10
Robrecht,10
Robur,10
Rocco,10
Roch,10
Rochard,10
Roche,10
Rochus,10
Rock,10
Rocket,10
Rocky,10
Rocus,10
Rod,10
Rodan,10
Rodas,10
Roderi,10
Roderick,10
Roderik,10
Rodewald,10
Rodge,10
Rodger,10
Rodi,10
Rodin,10
Rodmer,10
Rodney,10
Rodny,10
Rodolf,10
Rodolfo,10
Rodolphe,10
Rodrigo,10
Rodrigue,10
Rodriguez,10
Rodrique,10
Rodwald,10
Rody,10
Roef,10
Roel,10
Roël,10
Roeland,10
Roelf,10
Roelod,10
Roelof,10
Roemer,10
Roemi,10
Roene,10
Roest,10
Roey,10
Roge,10
Roger,10
Rogier,10
Rohan,10
Rohn,10
Roike,10
Roimán,10
Rokus,10
Rolan,10
Roland,10
Rolando,10
Roldán,10
Rolex,10
Rolf,10
Rolfo,10
Rolin,10
Rolland,10
Rolls,10
Rolof,10
Romain,10
Roman,10
Romano,10
Romanus,10
Romar,10
Romaric,10
Romario,10
Rombert,10
Rombout,10
Romeck,10
Romek,10
Romeo,10
Romie,10
Romio,10
Romke,10
Romme,10
Rommert,10
Rommy,10
Romuald,10
Romulado,10
Ron,10
Ronal,10
Ronald,10
Ronaldo,10
Ronan,10
Ronand,10
Ronen,10
Roni,10
Ronin,10
Ronmar,10
Ronnart,10
Ronnay,10
Ronnie,10
Ronny,10
Rony,10
Rooney,10
Roosevelt,10
Rop,10
Roppe,10
Roque,10
Rory,10
Rosan,10
Rosanno,10
Rosco,10
Roshan,10
Rosilino,10
Ross,10
Rossie,10
Rouell,10
Rouis,10
Roul,10
Rouven,10
Rover,10
Rowald,10
Rowan,10
Rowdy,10
Rowen,10
Rowin,10
Roy,10
Royce,10
Royke,10
Royston,10
Ruard,10
Ruart,10
Ruary,10
Ruatger,10
Ruben,10
Rubens,10
Rubian,10
Rubin,10
Rudi,10
Rudie,10
Rudmer,10
Rudo,10
Rudolf,10
Rudolfo,10
Rudolph,10
Rudy,10
Rudyard,10
Ruel,10
Rufo,10
Rufus,10
Ruggero,10
Ruiz,10
Rumold,10
Rune,10
Rupert,10
Ruperto,10
Ruppert,10
Rurik,10
Russ,10
Russel,10
Russell,10
Rustin,10
Rute,10
Rutger,10
Rutte,10
Ruud,10
Ruurd,10
Ruward,10
Ruy,10
Ry,10
Ryan,10
Ryek,10
Rynald,10
Rynk,10
Ryu,10
Ryvano,10
Sabastiaan,10
Sabe,10
Sabian,10
Sabin,10
Sabir,10
Sabit,10
Sacco,10
Sacha,10
Sachrael,10
Saco,10
Saf,10
Saffrone,10
Safouane,10
Safri,10
Sagar,10
Said,10
Saim,10
Saimen,10
Saisha,10
Sake,10
Sako,10
Saladin,10
Saleh,10
Salem,10
Salih,10
Salim,10
Salman,10
Salomo,10
Salomon,10
Salvador,10
Salvatore,10
Salve,10
Salves,10
Salvino,10
Salvinus,10
Sam,10
Samad,10
Samar,10
Sambath,10
Samber,10
Samel,10
Sami,10
Samin,10
Samir,10
Samm,10
Samme,10
Sammis,10
Sammy,10
Samo,10
Samson,10
Samten,10
Samuel,10
Samuël,10
Samyo,10
Sancho,10
Sanctus,10
Sander,10
Sanderijn,10
Sandor,10
Sandrino,10
Sandro,10
Sandy,10
Sanne,10
Sanson,10
Sante,10
Santhos,10
Santiago,10
Santino,10
Santo,10
Santonio,10
Santos,10
Sape,10
Saqil,10
Sarafino,10
Sarel,10
Sarge,10
Saris,10
Sarito,10
Sascha,10
Sasse,10
Satish,10
Saturnus,10
Saul,10
Saverio,10
Savino,10
Savo,10
Sawan,10
Saya,10
Sbas,10
Scander,10
Scerai,10
Schahrus,10
Scheito,10
Schemer,10
Scherdion,10
Schiermonnikoog,10
Schylar,10
Scipio,10
Scott,10
Scotty,10
Sean,10
Seb,10
Sebas,10
Sebastiaan,10
Sebastian,10
Sebbe,10
Sebo,10
Sef,10
Sefanja,10
Seger,10
Segert,10
Segio,10
Seike,10
Seiko,10
Seino,10
Seiorse,10
Seiwyn,10
Selim,10
Selm,10
Selmar,10
Selmo,10
Selmus,10
Selvedin,10
Selvijn,10
Selwin,10
Selwyn,10
Sem,10
Semiala,10
Semih,10
Semm,10
Semme,10
Semmy,10
Semual,10
Sen,10
Senn,10
Senna,10
Senne,10
Senno,10
Senofonte,10
Senon,10
Sent,10
Sep,10
Seph,10
Sepke,10
Sepp,10
Seppe,10
Seppo,10
Serafino,10
Serafinus,10
Seraja,10
Serge,10
Sergej,10
Sergino,10
Sergio,10
Sergius,10
Sergoe,10
Serioja,10
Serjoscha,10
Serkan,10
Servaas,10
Servan,10
Servasio,10
Servatius,10
Servazio,10
Servé,10
Servio,10
Seth,10
Seven,10
Severiano,10
Severijn,10
Severin,10
Severino,10
Severinus,10
Seyfrid,10
Seyhan,10
Seymour,10
Shady,10
Shaheen,10
Shalom,10
Shalun,10
Shams,10
Shandro,10
Shane,10
Shannon,10
Shanon,10
Shaquille,10
Shareef,10
Sharif,10
Sharlon,10
Shaun,10
Shawn,10
Shay,10
Sheridan,10
Sherman,10
Shervin,10
Shinsjie,10
Shirin,10
Shota,10
Shrawan,10
Shulamit,10
Shurandie,10
Shyam,10
Siard,10
Sibald,10
Sibbele,10
Sibe,10
Siberen,10
Sibert,10
Sibolt,10
Sibrand,10
Sibren,10
Sibrene,10
Sibrich,10
Sicco,10
Sico,10
Sid,10
Siddiq,10
Sidney,10
Sido,10
Sidon,10
Sieb,10
Siebe,10
SiebeJan,10
Sieben,10
Sieberen,10
Siebert,10
Siebo,10
Siebolt,10
Siebrand,10
Siebren,10
Sieger,10
Siegert,10
Siegfried,10
Siegmar,10
Siem,10
Siemen,10
Siep,10
Sierd,10
Siert,10
Siet,10
Sieto,10
Sietse,10
Sietsijan,10
Sietske,10
Sietsko,10
Sietze,10
Sieuwerd,10
Sigebert,10
Siger,10
Sigert,10
Sigfried,10
Sigmar,10
Sigstein,10
Sigsten,10
Sigurd,10
Sigvard,10
Siivio,10
Sijas,10
Sijbold,10
Sijbrand,10
Sijbren,10
Sijds,10
Sije,10
Sijf,10
Sijke,10
Sijmen,10
Sikander,10
Sikke,10
Sikko,10
Sil,10
Silas,10
Sill,10
Silvain,10
Silvan,10
Silvano,10
Silvanus,10
Silveer,10
Silven,10
Silver,10
Silverio,10
Silvester,10
Silvestro,10
Silvi,10
Silvian,10
Silvijn,10
Silvio,10
Sim,10
Simcha,10
Simen,10
Simeon,10
Simke,10
Simme,10
Simon,10
Simone,10
Sinclair,10
Sinn,10
Sinno,10
Sinoon,10
Sion,10
Sipke,10
Sipko,10
Sipriaen,10
Siske,10
Sisqo,10
Sisto,10
Sisyfos,10
Sithri,10
Sits,10
Siur,10
Sivar,10
Sivert,10
Sixten,10
Sixtus,10
Sjaak,10
Sjaco,10
Sjak,10
Sjakie,10
Sjakko,10
Sjam,10
Sjan,10
Sjang,10
Sjanoek,10
Sjastra,10
Sjef,10
Sjei,10
Sjeng,10
Sjerk,10
Sjimmie,10
Sjinki,10
Sjinkie,10
Sjoerd,10
Sjomali,10
Sjon,10
Sjonnie,10
Sjors,10
Sjorsje,10
Sjouke,10
Sjuul,10
Skahib,10
Skip,10
Skipper,10
Sky,10
Skye,10
Skylar,10
Skyler,10
Skylor,10
Slavenko,10
Slim,10
Soefian,10
Soeradj,10
Soetje,10
Sofian,10
Soko,10
Sol,10
Solco,10
Solko,10
Solo,10
Soloo,10
Solve,10
Solvi,10
Sonny,10
Sono,10
Sopheus,10
Sophron,10
Soren,10
Soufian,10
Soufiane,10
Spencer,10
Spike,10
Spiros,10
Splinter,10
Spyros,10
Squall,10
Staaf,10
Staats,10
Stach,10
Stacy,10
Staes,10
Staffan,10
Stag,10
Stalin,10
Stan,10
Stancio,10
Stanis,10
Stanislao,10
Stanislaw,10
Stanley,10
Stans,10
Stas,10
Steef,10
Stef,10
Stefaan,10
Stefan,10
Stefano,10
Stefanus,10
Steff,10
Steffan,10
Steffano,10
Steffen,10
Stefhan,10
Steie,10
Steijn,10
Stein,10
Steinar,10
Steinmar,10
Stellan,10
Sten,10
Stenar,10
Stener,10
Stenfinn,10
Stephan,10
Stéphane,10
Stephano,10
Stepháno,10
Stephanus,10
Stephen,10
Steve,10
Steven,10
Stevie,10
Stevo,10
Steye,10
Steyn,10
Stian,10
Stijn,10
Sting,10
Stirling,10
Stofel,10
Stoffel,10
Stoffer,10
Stoneny,10
Stoney,10
Stony,10
Storm,10
Storr,10
Strofios,10
Stu,10
Stuart,10
Styn,10
Suanley,10
Suheda,10
Sune,10
Sunny,10
Sus,10
Svante,10
Svart,10
Svein,10
Sven,10
Svend,10
Svenja,10
Svenny,10
Sverre,10
Swaen,10
Swan,10
Sweder,10
Sweer,10
Sweitze,10
Swen,10
Swier,10
Syb,10
Sybe,10
Sybolt,10
Sybout,10
Sybrand,10
Sybren,10
Sydney,10
Sylt,10
Sylvain,10
Sylvan,10
Sylvano,10
Sylvanus,10
Sylvester,10
Sylvian,10
Symen,10
Symon,10
Sypko,10
Sytse,10
Sytze,10
Szymon,10
Tabbe,10
Tabe,10
Tabo,10
Taco,10
Tad,10
Tadeo,10
Tadeus,10
Tadeusz,10
Taedse,10
Taeije,10
Taeike,10
Taeke,10
Taekle,10
Taetse,10
Taha,10
Tahar,10
Tahir,10
Taio,10
Tait,10
Taj,10
Take,10
Takele,10
Takje,10
Tako,10
Tale,10
Talha,10
Talin,10
Talis,10
Tally,10
Tamas,10
Tame,10
Tamer,10
Tamin,10
Tamino,10
Tamme,10
Tammes,10
Tammo,10
Tamson,10
Tanco,10
Tancredi,10
Tanel,10
Tanguy,10
Tanne,10
Tanno,10
Tanny,10
Tantalos,10
Tarak,10
Taran,10
Tarick,10
Tarik,10
Tarkan,10
Tars,10
Tasio,10
Tasmin,10
Tassos,10
Tate,10
Taus,10
Tay,10
Tayari,10
Taylan,10
Tayler,10
Taylor,10
Tazio,10
Teade,10
Teake,10
Teakele,10
Teakle,10
Teatse,10
Tebaldo,10
Ted,10
Tedd,10
Tedde,10
Teddy,10
Tede,10
Teele,10
Teerd,10
Teerde,10
Teetse,10
Teide,10
Teije,10
Teijm,10
Teis,10
Teite,10
Teke,10
Tekele,10
Tekke,10
Teko,10
Telamoon,10
Telle,10
Telte,10
Temmo,10
Temro,10
Tenzing,10
Teo,10
Teobaldo,10
Teodor,10
Teodoro,10
Teoman,10
Terco,10
Terence,10
Terencio,10
Terje,10
Terra,10
Terry,10
Terschelling,10
Tes,10
Tesse,10
Tet,10
Tete,10
Tetse,10
Tette,10
Teun,10
Teuni,10
Teunis,10
Teus,10
Tevin,10
Tewis,10
Texel,10
Thade,10
Thais,10
Thanatos,10
Thei,10
Theis,10
Thelmo,10
Themmen,10
Theo,10
Theobald,10
Theodoor,10
Theodor,10
Theodore,10
Theodorus,10
Theofilus,10
Theophano,10
Theophilus,10
Therk,10
Theseus,10
Theun,10
Theunis,10
Thiad,10
Thiago,10
Thiamo,10
Thibauld,10
Thibault,10
Thibaut,10
Thibeau,10
Thibo,10
Thidrek,10
Thiem,10
Thieme,10
Thiemen,10
Thierry,10
Thiery,10
Thies,10
Thieu,10
Thije,10
Thijen,10
Thijl,10
Thijm,10
Thijme,10
Thijmen,10
Thijmo,10
Thijn,10
Thijo,10
Thijs,10
Thilman,10
Thimo,10
Thjálfi,10
Thoas,10
Thom,10
Thoma,10
Thomas,10
Thome,10
Thommy,10
Thonus,10
Thor,10
Thorben,10
Thordur,10
Thore,10
Thorin,10
Thorn,10
Thorne,10
Thorold,10
Thorstein,10
Thorsten,10
Thorvald,10
Thorwald,10
Thorwen,10
Thur,10
Thuur,10
Thye,10
Thyestes,10
Thym,10
Thymen,10
Thymo,10
Thymon,10
Thyne,10
Thyrell,10
Thyro,10
Thyrone,10
Tiago,10
Tiako,10
Tiamo,10
Tibbe,10
Tiberio,10
Tiberius,10
Tibo,10
Tibor,10
Ticho,10
Tichon,10
Tico,10
Tidde,10
Tiddo,10
Tide,10
Tideman,10
Tido,10
Tiede,10
Tiederieks,10
Tieje,10
Tieke,10
Tiel,10
Tiele,10
Tieleman,10
Tiem,10
Tieme,10
Tiemen,10
Tiemolle,10
Ties,10
Tiese,10
Tiesto,10
Tiete,10
Tietse,10
Tiger,10
Tigo,10
Tijani,10
Tijde,10
Tijdo,10
Tije,10
Tijgo,10
Tijl,10
Tijler,10
Tijme,10
Tijmen,10
Tijn,10
Tijo,10
Tijs,10
Tika,10
Tike,10
Tikke,10
Tilak,10
Tile,10
Till,10
Tilman,10
Tim,10
Timber,10
Timbert,10
Timco,10
Time,10
Timen,10
Timi,10
Timie,10
Timme,10
Timmetijn,10
Timmi,10
Timmo,10
Timmy,10
Timo,10
Timolos,10
Timon,10
Timoteo,10
Timotheus,10
Timothy,10
Timoty,10
Timpe,10
Timur,10
Tinco,10
Tini,10
Tino,10
Tinus,10
Tiny,10
Tio,10
Tip,10
Tirian,10
Tist,10
Tite,10
Titiaan,10
Tito,10
Titte,10
Titus,10
Tiziano,10
Tjaard,10
Tjaark,10
Tjabbe,10
Tjabe,10
Tjacco,10
Tjade,10
Tjakke,10
Tjakko,10
Tjako,10
Tjal,10
Tjalf,10
Tjalle,10
Tjalling,10
Tjalve,10
Tjamko,10
Tjango,10
Tjarco,10
Tjardo,10
Tjark,10
Tjarko,10
Tjas,10
Tjasse,10
Tjaze,10
Tjeard,10
Tjeark,10
Tjebbe,10
Tjebbo,10
Tjeerd,10
Tjeert,10
Tjelvar,10
Tjen,10
Tjendo,10
Tjerk,10
Tjerry,10
Tjesse,10
Tjetse,10
Tjeu,10
Tjeuvo,10
Tjibbe,10
Tjidde,10
Tjip,10
Tjipke,10
Tjische,10
Tjiske,10
Tjisse,10
Tjit,10
Tjits,10
Tjitse,10
Tjitte,10
Tjitze,10
Tjobo,10
Tjokke,10
Tjomme,10
Tjores,10
Toar,10
Tobe,10
Tobey,10
Tobias,10
Tobie,10
Tobin,10
Toby,10
Todd,10
Todor,10
Toetie,10
Toin,10
Toine,10
Toiny,10
Toka,10
Tolga,10
Tom,10
Toma,10
Tomas,10
Tomás,10
Tomaso,10
Tomasz,10
Tommaso,10
Tomme,10
Tommie,10
Tommy,10
Ton,10
Tonco,10
Toni,10
Tonie,10
Tonino,10
Tonio,10
Tonis,10
Tonius,10
Tonke,10
Tonko,10
Tonnie,10
Tonnis,10
Tonny,10
Tonu,10
Tony,10
Toon,10
Toontje,10
Toots,10
Top,10
Tor,10
Torben,10
Torbern,10
Torbjörn,10
Torbjørn,10
Tore,10
Torgeir,10
Torgen,10
Torquato,10
Torstein,10
Torsten,10
Torvald,10
Tos,10
Tossing,10
Toste,10
Toto,10
Totte,10
Tousan,10
Toussaint,10
Towe,10
Towje,10
Tracy,10
Treat,10
Tren,10
Trent,10
Trentino,10
Treny,10
Trevor,10
Trey,10
Trick,10
Trijnco,10
Trinus,10
Tristan,10
Tristano,10
Tristen,10
Triston,10
Tromp,10
Troy,10
Trudo,10
Trühe,10
Try,10
Tryfon,10
Trygve,10
Trynko,10
Trysran,10
Trystan,10
Trystram,10
Tsjade,10
Tsjalling,10
Tsjamke,10
Tsjark,10
Tsjasse,10
Tsjassing,10
Tsjeed,10
Tsjeedse,10
Tsjemke,10
Tsjerk,10
Tsjerke,10
Tsjetse,10
Tsjette,10
Tsjibbe,10
Tsjibbet,10
Tsjidse,10
Tsjidsger,10
Tsjiesse,10
Tsjiete,10
Tsjiets,10
Tsjietse,10
Tsjietsje,10
Tsjimke,10
Tsjirk,10
Tsjise,10
Tsjisse,10
Tsjits,10
Tsjitser,10
Tsjitte,10
Tsjomme,10
Tsjumme,10
Tuchen,10
Tuco,10
Tuin,10
Tumac,10
Tunnes,10
Tunnies,10
Tuomas,10
Tusfaje,10
Tuur,10
Twan,10
Twannie,10
Twister,10
Tyan,10
Tyas,10
Tycho,10
Tydo,10
Tygo,10
Tyke,10
Tyl,10
Tyler,10
Tymen,10
Tymo,10
Tymon,10
Tyn,10
Tyndareos,10
Typ,10
Tyree,10
Tyrell,10
Tyrese,10
Tyron,10
Tyrone,10
Tys,10
Tyson,10
Tyson,10
Ubbo,10
Ube,10
Uberto,10
Ubo,10
Udo,10
Ugo,10
Ulbe,10
Ulco,10
Ulger,10
Uli,10
Ulrich,10
Umberto,10
Umut,10
Unico,10
Uranus,10
Urban,10
Urbanus,10
Uri,10
Uria,10
Urian,10
Uriël,10
Urlas,10
Ursel,10
Ursul,10
Ursus,10
Utse,10
Valdemar,10
Valen,10
Valentijn,10
Valentino,10
Valko,10
Valten,10
Vance,10
Vasco,10
Veer,10
Veit,10
Venne,10
Vernon,10
Vesper,10
Vester,10
Vic,10
Vick,10
Victor,10
Vidal,10
Vidar,10
Viggo,10
Vigo,10
Vik,10
Vikas,10
Viktor,10
Vilmar,10
Vilmos,10
Vin,10
Vinant,10
Vince,10
Vincent,10
Vincenzo,10
Vinn,10
Vinnie,10
Vinny,10
Vinz,10
Vip,10
Vital,10
Vito,10
Vitorio,10
Vlieland,10
Volker,10
Volkert,10
Volmar,10
Volmer,10
Vorst,10
Vos,10
Vulko,10
Vuur,10
Vycho,10
Waas,10
Waast,10
Wabbe,10
Wabe,10
Wachem,10
Wade,10
Waelke,10
Wagner,10
Wahib,10
Wahid,10
Walbert,10
Walburch,10
Walburg,10
Wald,10
Waldeck,10
Waldemar,10
Waldo,10
Waldrick,10
Wale,10
Waleri,10
Walfred,10
Walfrid,10
Walfried,10
Walid,10
Wallace,10
Walle,10
Wally,10
Walram,10
Walt,10
Walter,10
Walterus,10
Wander,10
Wanne,10
Ward,10
Warden,10
Ware,10
Warin,10
Warmold,10
Warmolt,10
Warnar,10
Warner,10
Warre,10
Warren,10
Wartus,10
Waso,10
Wassim,10
Wate,10
Watse,10
Watze,10
Wauters,10
Wayan,10
Webbo,10
Wede,10
Wedse,10
Weerd,10
Weert,10
Weggert,10
Weijer,10
Weit,10
Weitze,10
Welmer,10
Welmoed,10
Wemmer,10
Wendel,10
Wendelin,10
Wennemar,10
Wens,10
Wenzel,10
Werenfried,10
Werner,10
Wernhard,10
Wes,10
Wesley,10
Wesly,10
Wess,10
Wesse,10
Wessel,10
Wetsel,10
Weyer,10
Weyn,10
Weytin,10
Wiard,10
Wiba,10
Wibald,10
Wibbe,10
Wibbo,10
Wibe,10
Wibo,10
Wibout,10
Wibrand,10
Wibren,10
Wica,10
Wichard,10
Wichman,10
Wick,10
Wico,10
Wido,10
Wieb,10
Wiebe,10
Wiebrecht,10
Wiegand,10
Wieger,10
Wiegert,10
Wiek,10
Wieland,10
Wielant,10
Wienand,10
Wienik,10
Wienko,10
Wiep,10
Wiepie,10
Wierd,10
Wiering,10
Wieske,10
Wietse,10
Wietze,10
Wigand,10
Wigbrand,10
Wiger,10
Wigge,10
Wigle,10
Wigmont,10
Wijbe,10
Wijbrand,10
Wijko,10
Wijnand,10
Wijt,10
Wijtse,10
Wikel,10
Wiktor,10
Wil,10
Wilar,10
Wilber,10
Wilbert,10
Wilbrand,10
Wilbur,10
Wilco,10
Wilfred,10
Wilfried,10
Wilhar,10
Wilheim,10
Wilhelm,10
Wilhelmus,10
Wiliam,10
Wiljan,10
Wilko,10
Willard,10
Willebrord,10
Willem,10
Willem-Jan,10
Willem-Pieter,10
Willemsen,10
William,10
Williams,10
Willibert,10
Willibrord,10
Willie,10
Willow,10
Willy,10
Wilm,10
Wilmer,10
Wilson,10
Wim,10
Wimer,10
Wimke,10
Winand,10
Winfred,10
Wing,10
Winnie,10
Winslow,10
Winston,10
Wiroy,10
Wisse,10
Witse,10
Wob,10
Wobbe,10
Wobke,10
Wodan,10
Woldemar,10
Wolf,10
Wolfbrand,10
Wolfgang,10
Wolk,10
Wolke,10
Wolly,10
Wolter,10
Woody,10
Wop,10
Wopke,10
Wout,10
Wouter,10
Wubbo,10
Wuf,10
Wyan,10
Wyb,10
Wybe,10
Wybrant,10
Wybren,10
Wychman,10
Wygko,10
Wylan,10
Wynout,10
Wynsen,10
Wytse,10
Wytze,10
Xam,10
Xander,10
Xandrijn,10
Xava,10
Xaveer,10
Xaver,10
Xavi,10
Xavier,10
Xavion,10
Xem,10
Xemm,10
Xeno,10
Xess,10
Xiem,10
Yahya,10
Yanko,10
Yanni,10
Yannic,10
Yannick,10
Yannide,10
Yari,10
Yaro,10
Yasin,10
Yasser,10
Yassin,10
Yassine,10
Yassir,10
Ybo,10
Yco,10
Yehudi,10
Yenne,10
Yeroen,10
Yge,10
Yigit,10
Yke,10
Yme,10
Ymte,10
Yoeri,10
Yoram,10
Yoran,10
Yorben,10
Yordi,10
Yorick,10
Yorin,10
Yorwin,10
Yossi,10
Younes,10
Youp,10
Youri,10
Ype,10
Ypke,10
Ysbert,10
Ysbrand,10
Ysbrecht,10
Ysé,10
Yto,10
Yunus,10
Yuri,10
Yusuf,10
Yvan,10
Yvar,10
Yves,10
Yvo,10
Ywan,10
Ywan,10
Zac,10
Zach,10
Zacharias,10
Zachary,10
Zack,10
Zadok,10
Zain,10
Zakaria,10
Zakariya,10
Zand,10
Zander,10
Zappa,10
Zayd,10
Zayn,10
Zeb,10
Zef,10
Zeger,10
Zegert,10
Zen,10
Zeno,10
Zep,10
Zeph,10
Zephier,10
Zepp,10
Zest,10
Zian,10
Zias,10
Zico,10
Ziggy,10
Ziko,10
Zilvester,10
Zion,10
Zjef,10
Zoran,10
Zweder,10
Zwi,10
Zwier,10
