Aafje,10
Aafke,10
Aagje,10
Aaike,10
Aalt,10
Aaltje,10
Aaltruide,10
Aartie,10
Aartje,10
Abeke,10
Abetje,10
Ackelien,10
Ada,10
Adagonda,10
Adelheid,10
Adelmund,10
Adinda,10
Adoree,10
Adriana,10
Adrie,10
Aefje,10
Aemke,10
Afelien,10
Afifa,10
Afke,10
Afra,10
Aga,10
Agaat,10
Agathe,10
Ageeth,10
Agie,10
Aglaja,10
Agnes,10
Agneta,10
Agnete,10
Agnetha,10
Aike,10
Aiko,10
Ailie,10
Airlie,10
Aise,10
Akelei,10
Akke,10
Akkelien,10
Akkie,10
Alaia,10
Alana,10
Alant,10
Alba,10
Alberdina,10
Aleid,10
Aleida,10
Aleit,10
Aleksandra,10
Alene,10
Alet,10
Aleta,10
Aletta,10
Alice,10
Alida,10
Alie,10
Alieke,10
Alienke,10
Alies,10
Alina,10
Aline,10
Alisa,10
Alisha,10
Alissa,10
Alitcia,10
Aliza,10
Alje,10
Aljosja,10
Alle,10
Alma,10
Alva,10
Amaia,10
Amal,10
Amalia,10
Amanda,10
Amani,10
Amara,10
Amber,10
Amelia,10
Amelie,10
Amina,10
Amine,10
Amira,10
Amra,10
Ana,10
Andelet,10
Andelina,10
Andrea,10
Andrieske,10
Anemoon,10
Angel,10
Angela,10
Angeliek,10
Angelien,10
Angelina,10
Angelotte,10
Angenita,10
Aniek,10
Anika,10
Anike,10
Anisa,10
Anissa,10
Anje,10
Anjella,10
Anka,10
Anke,10
Anki,10
Ankie,10
Ankje,10
Ann,10
Anna,10
Annabel,10
Annabelle,10
Annalies,10
Anne,10
Annebel,10
Annefleur,10
Annefloor,10
Annegien,10
Annejet,10
Anneke,10
Anneleen,10
Annelie,10
Annelieke,10
Annelien,10
Annelies,10
Annelijn,10
Annelin,10
Annelivia,10
Anneloes,10
Annelot,10
Annelotte,10
Annemarein,10
Annemarie,10
Annemarieke,10
Annemarije,10
Annemarijn,10
Annemie,10
Annemiek,10
Annemieke,10
Annemijn,10
Annerieke,10
Anneska,10
Annet,10
Annetje,10
Annewinne,10
Annie,10
Anniek,10
Annik,10
Annika,10
Annike,10
Annoeska,10
Anoek,10
Ans,10
Anselma,10
Ansfrida,10
Anske,10
Anteunette,10
Antia,10
Antina,10
Antje,10
Antonia,10
Antonina,10
Aphrodite,10
Arabell,10
Arabella,10
Areke,10
Arenda,10
Arende,10
Aria,10
Ariana,10
Ariane,10
Arieke,10
Arien,10
Arinda,10
Ariska,10
Arja,10
Arjanne,10
Arjenne,10
Arjette,10
Arlet,10
Arlette,10
Armide,10
Asmara,10
Asmin,10
Aster,10
Astrid,10
Ata,10
Ate,10
Atie,10
Atife,10
Atte,10
Atze,10
Aukje,10
Ava,10
Avelin,10
Avelon,10
Axelle,10
Azra,10
Babbe,10
Babet,10
Babette,10
Babische,10
Babs,10
Badi,10
Baiba,10
Barbara,10
Barbera,10
Bartina,10
Baukelien,10
Bea,10
Beata,10
Beate,10
Beatrijs,10
Beertje,10
Belezza,10
Belia,10
Bella,10
Belle,10
Benneketo,10
Bente,10
Benthe,10
Berbel,10
Berber,10
Berda,10
Berdien,10
Berendina,10
Berendje,10
Berieke,10
Beril,10
Bernadette,10
Berniss,10
Bernoe,10
Berrie,10
Berta,10
Bertien,10
Bertine,10
Bess,10
Beth,10
Betrijs,10
Bets,10
Betsie,10
Bettelien,10
Bettine,10
Bibelotte,10
Bibi,10
Bibianne,10
Bieke,10
Bieneke,10
Bila,10
Bindi,10
Bionda,10
Birger,10
Birgit,10
Birgitte,10
Birke,10
Birte,10
Birthe,10
Bloem,10
Blossom,10
Bo,10
Bodil,10
Bonne,10
Boukje,10
Bowi,10
Bowien,10
Bracha,10
Brande,10
Breeze,10
Bregina,10
Bregje,10
Bregtje,10
Brigitta,10
Brigitte,10
Britt,10
Britte,10
Brunhilde,10
Burgje,10
Daantje,10
Dagmar,10
Dana,10
Dani,10
Daniek,10
Danja,10
Daphne,10
Daria,10
Date,10
Debora,10
Deborah,10
Deenie,10
Dees,10
Defne,10
Delaja,10
Delilah,10
Demi,10
Denise,10
Dessa,10
Detje,10
Dewi,10
Diana,10
Dide,10
Didi,10
Diede,10
Dieke,10
Dieneke,10
Dienke,10
Dieske,10
Dieuwertje,10
Dieuwke,10
Diewertje,10
Dik,10
Dilara,10
Dilianne,10
Dina,10
Dineke,10
Dinieke,10
Dionne,10
Dirckje,10
Dirkje,10
Dirre,10
Ditte,10
Diva,10
Djarda,10
Djoeke,10
Doeschka,10
Dokus,10
Donna,10
Door,10
Doorke,10
Doortje,10
Dooske,10
Dorende,10
Dores,10
Dorieke,10
Dorien,10
Dorienke,10
Dorimieke,10
Dorine,10
Doris,10
Dot,10
Dottie,10
Dounia,10
Doutzen,10
Dwarka,10
Edeltruda,10
Eden,10
Edie,10
Eef,10
Eefje,10
Eefke,10
Eelke,10
Effie,10
Egi,10
Eke,10
Ekelijn,10
Ela,10
Elcke,10
Eleanor,10
Elena,10
Eleonora,10
Elf,10
Eliana,10
Eliane,10
Elianne,10
Elieke,10
Elien,10
Elies,10
Elif,10
Elin,10
Elina,10
Eline,10
Elis,10
Elisa,10
Elisah,10
Elise,10
Elissa,10
Elja,10
Elke,10
Elkf,10
Elkie,10
Ella,10
Elle,10
Elleke,10
Ellemieke,10
Ellemijn,10
Ellen,10
Elles,10
Ellian,10
Ellineke,10
Ellis,10
Elmi,10
Elna,10
Elodie,10
Els,10
Elsa,10
Elsanne,10
Else,10
Elselien,10
Elsemarie,10
Elsemarieke,10
Elsemiek,10
Elsemieke,10
Elske,10
Elvera,10
Elvira,10
Em,10
Emi,10
Emilia,10
Emilie,10
Emke,10
Emma,10
Emmarie,10
Emme,10
Emmeke,10
Emmelie,10
Emmelieke,10
Emmelien,10
Engelien,10
Enrieke,10
Erlijn,10
Erva,10
Esila,10
Eslem,10
Esma,10
Esmee,10
Esmiralda,10
Esra,10
Estee,10
Estelle,10
Esther,10
Eva,10
Evangeline,10
Eve,10
Evelien,10
Evelijn,10
Eveline,10
Everdina,10
Evi,10
Evie,10
Ezina,10
Fabianne,10
Fabien,10
Fabienne,10
Famke,10
Fatma,10
Fae,10
Febe,10
Fedde,10
Fee,10
Fei,10
Feike,10
Felien,10
Felinde,10
Feline,10
Felinthe,10
Fem,10
Femke,10
Femm,10
Femme,10
Femmy,10
Fenki,10
Fenna,10
Fenne,10
Fenneke,10
Fianca,10
Fiebe,10
Fieke,10
Fien,10
Fiene,10
Fientje,10
Fiep,10
Fiet,10
Fijgje,10
Filippa,10
Fiona,10
Firdaous,10
Fleur,10
Fleurtje,10
Flo,10
Floor,10
Floortje,10
Flora,10
Flore,10
Floremijn,10
Florentine,10
Florieke,10
Florielle,10
Florien,10
Floriene,10
Florina,10
Florinda,10
Florine,10
Folkje,10
Francien,10
Francis,10
Francisca,10
Fransien,10
Frauke,10
Fraukje,10
Frederieke,10
Frederike,10
Freija,10
Frida,10
Friedeke,10
Frouke,10
Froukje,10
Funske,10
Gabi,10
Gabie,10
Gabri,10
Gabriela,10
Gabriella,10
Gea,10
Geeke,10
Geena,10
Geerke,10
Geerta,10
Geerte,10
Geertje,10
Geertke,10
Geertrui,10
Geertruida,10
Geesje,10
Geeske,10
Geike,10
Geja,10
Gejanne,10
Geke,10
Georgina,10
Gera,10
Geraldine,10
Geranne,10
Gerarda,10
Gerardina,10
Gerbrig,10
Gerda,10
Gerdi,10
Gerdien,10
Gerdienke,10
Gerianne,10
Gerieke,10
Gerja,10
Gerjanne,10
Gerrianne,10
Gerrie,10
Gerrieke,10
Gerrita,10
Gerritje,10
Gerthe,10
Gertiene,10
Gertrud,10
Gertrude,10
Gertruida,10
Gezina,10
Gigi,10
Gijsje,10
Gilberta,10
Gineke,10
Ginie,10
Gise,10
Gisela,10
Giselle,10
Gitta,10
Gitte,10
Godelief,10
Godelieve,10
Goedele,10
Goeleke,10
Golda,10
Goli,10
Gonda,10
Gonnelijn,10
Greet,10
Greetje,10
Gret,10
Greta,10
Gretje,10
Griet,10
Grietje,10
Griseldis,10
Grishilde,10
Grushilda,10
Gust,10
Gusta,10
Guusje,10
Gwen,10
Gwendoline,10
Gwenn,10
Gwenne,10
Hana,10
Hanna,10
Hanne,10
Hanneke,10
Hannelies,10
Hannelijn,10
Hannelijne,10
Hannie,10
Harke,10
Harleen,10
Harmke,10
Harriette,10
Hasse,10
Hauke,10
Haura,10
Hava,10
Hawa,10
Hazal,10
Hazel,10
Hea,10
Heida,10
Heidi,10
Heidie,10
Heike,10
Heleen,10
Heleentje,10
Helena,10
Helin,10
Hella,10
Helmine,10
Hendrieke,10
Hendrika,10
Hendrike,10
Hendrikje,10
Hendrina,10
Henneke,10
Hennie,10
Henrianne,10
Henriet,10
Henriette,10
Hera,10
Herma,10
Hermien,10
Hermina,10
Herremijn,10
Hesta,10
Hester,10
Hettie,10
Hiba,10
Hilde,10
Hildemarthe,10
Hilgard,10
Hilke,10
Hira,10
Hiranur,10
Hiske,10
Houkje,10
Hubrina,10
Hulde,10
Ida,10
Ieke,10
Iemkje,10
IJtje,10
Ikra,10
Ilana,10
Ilja,10
Ilona,10
Ilone,10
Ilse,10
Ilsemarie,10
Ilvie,10
Ilza,10
Imka,10
Imke,10
Imme,10
Ina,10
Inara,10
Indra,10
Ineke,10
Ines,10
Inge,10
Ingeborg,10
Ingelise,10
Inneke,10
Ireen,10
Irena,10
Ires,10
Irine,10
Iris,10
Irma,10
Irmgard,10
Isa,10
Isabel,10
Isabella,10
Isabelle,10
Ise,10
Isis,10
Isolde,10
Isra,10
Israa,10
Iva,10
Ivana,10
Ivon,10
Iza,10
Ize,10
Jace,10
Jakoba,10
Jakobien,10
Jakolien,10
Jakoliene,10
Jakomijn,10
Jakorien,10
Jakorina,10
Jada,10
Jade,10
Jaeneke,10
Jamie,10
Jamila,10
Jana,10
Jane,10
Janienke,10
Janita,10
Janna,10
Janne,10
Janneke,10
Jannetje,10
Jannida,10
Jannie,10
Jannieke,10
Jannigje,10
Jans,10
Jansien,10
Janske,10
Jantien,10
Jantina,10
Jantine,10
Jara,10
Jasmijn,10
Jasmin,10
Jasmina,10
Jasmine,10
Jasperien,10
Jaukje,10
Jefta,10
Jeichien,10
Jelcke,10
Jelleke,10
Jeltje,10
Jeltsje,10
Jenna,10
Jennefer,10
Jenneke,10
Jenneken,10
Jennet,10
Jennifer,10
Jente,10
Jenthe,10
Jentine,10
Jerre,10
Jeske,10
Jess,10
Jet,10
Jetje,10
Jetse,10
Jetske,10
Jetta,10
Jette,10
Jetteke,10
Jetze,10
Jezzebelle,10
Jikke,10
Jilke,10
Jill,10
Jille,10
Jinke,10
Jinte,10
Jinthe,10
Jip,10
Jiska,10
Jiske,10
Jitske,10
Jitte,10
Joan,10
Jobke,10
Joes,10
Johanna,10
Johanneke,10
Jojanne,10
Jojanneke,10
Jojo,10
Joke,10
Jolanda,10
Jolet,10
Jolie,10
Jolieke,10
Jolien,10
Jolijn,10
Jolinde,10
Joni,10
Jonna,10
Jonneke,10
Joo,10
Jools,10
Joosje,10
Jooske,10
Jopke,10
Jordan,10
Jorianne,10
Jorie,10
Jorieke,10
Jorien,10
Jorinde,10
Jorine,10
Joriska,10
Jorlieke,10
Jos,10
Jose,10
Josefien,10
Josien,10
Josine,10
Josje,10
Joske,10
Jossie,10
Joucke,10
Jouke,10
Jula,10
Jule,10
Julia,10
Juliana,10
Julie,10
Julieke,10
Juliet,10
Juliette,10
Juliza,10
Julot,10
Juna,10
June,10
Juno,10
Jutka,10
Juul,10
Juulke,10
Juultje,10
Ka,10
Kaat,10
Kaate,10
Kaatje,10
Kaja,10
Kalie,10
Kalijn,10
Karen,10
Karijne,10
Karin,10
Karina,10
Karlein,10
Karlien,10
Karlijn,10
Karolien,10
Kate,10
Katelijn,10
Katelijne,10
Kathalijne,10
Katharina,10
Katheleine,10
Kathelijn,10
Kathelijne,10
Katie,10
Katleen,10
Kato,10
Katrien,10
Katrijn,10
Katrine,10
Kee,10
Keet,10
Keetje,10
Keira,10
Keja,10
Kerstin,10
Kiek,10
Kiekie,10
Kika,10
Kiki,10
Kim,10
Kimber,10
Kira,10
Kirsten,10
Kiske,10
Klaartje,10
Klaasje,10
Klaaske,10
Klara,10
Klasina,10
Klaske,10
Klaver,10
Klazina,10
Koosje,10
Krijn,10
Kris,10
Krisje,10
Kriste,10
Kristie,10
Kristien,10
Lana,10
Lara,10
Larissa,10
Lauke,10
Laura,10
Laure,10
Lauren,10
Laurie,10
Laurien,10
Lavinia,10
Lea,10
Leandra,10
Leanne,10
Leen,10
Leentje,10
Leiden,10
Leila,10
Lena,10
Lene,10
Lenie,10
Lenna,10
Lenne,10
Lenneke,10
Lente,10
Lenthe,10
Leona,10
Leonie,10
Leonieke,10
Leonoor,10
Leonora,10
Leonore,10
Leontien,10
Letje,10
Lette,10
Lettie,10
Lia,10
Lianda,10
Lianne,10
Libel,10
Lichelle,10
Lida,10
Lidewij,10
Lidia,10
Lidwina,10
Lief,10
Lieke,10
Lien,10
Liene,10
Lieneke,10
Lienke,10
Lies,10
Liesbet,10
Liesbeth,10
Liese,10
Lieselot,10
Liesje,10
Lieske,10
Lieva,10
Lieve,10
Lieveke,10
Lijsbeth,10
Lila,10
Lili,10
Lilian,10
Liliana,10
Liliane,10
Lilianne,10
Lilieke,10
Lillian,10
Lilou,10
Lina,10
Linda,10
Linde,10
Lindelotte,10
Lineke,10
Linn,10
Linne,10
Linneke,10
Lionne,10
Lis,10
Lisa,10
Lisan,10
Lisanne,10
Lise,10
Liselle,10
Liselore,10
Liselot,10
Liselotte,10
Lisette,10
Lissa,10
Liv,10
Liva,10
Livia,10
Livina,10
Livine,10
Lobke,10
Loe,10
Loekie,10
Loes,10
Loesje,10
Lola,10
Lolo,10
Lolu,10
Lonne,10
Lonneke,10
Lore,10
Loren,10
Lorena,10
Lori,10
Lorijn,10
Lorin,10
Lot,10
Lotje,10
Lott,10
Lotta,10
Lotte,10
Lotti,10
Lottie,10
Lotus,10
Lou,10
Loukie,10
Loulou,10
Lous,10
Lova,10
Lovie,10
Lowieke,10
Lula,10
Lulu,10
Lumina,10
Luna,10
Lune,10
Luus,10
Maaike,10
Maarchje,10
Maartje,10
Machteld,10
Madee,10
Madeleine,10
Madelief,10
Madelien,10
Madeloes,10
Madelon,10
Mae,10
Magreet,10
Maie,10
Maike,10
Maiken,10
Maite,10
Maja,10
Malak,10
Malon,10
Manar,10
Manja,10
Manon,10
Manou,10
Manouk,10
Manuela,10
Manuella,10
Mara,10
Mare,10
Mareike,10
Marelien,10
Maren,10
Marga,10
Margariet,10
Margit,10
Margje,10
Margo,10
Margot,10
Margreet,10
Margriet,10
Marguerita,10
Maria,10
Mariam,10
Marianne,10
Maribel,10
Marie,10
Marieke,10
Marieken,10
Mariel,10
Mariela,10
Marielena,10
Mariëlle,10
Marien,10
Marienke,10
Marietje,10
Marij,10
Marija,10
Marije,10
Marijke,10
Marijse,10
Marijtje,10
Marika,10
Marike,10
Mariken,10
Mariline,10
Marin,10
Marina,10
Marinde,10
Marinka,10
Marinke,10
Marinne,10
Marit,10
Marita,10
Marith,10
Maritje,10
Maritte,10
Marja,10
Marjan,10
Marjanke,10
Marjella,10
Marjelle,10
Marjet,10
Marjetta,10
Marjette,10
Marjol,10
Marjoleike,10
Marjolein,10
Marjoleine,10
Marjolieke,10
Marjolijn,10
Marjon,10
Marjonne,10
Marleen,10
Marlieke,10
Marlien,10
Marlies,10
Marlijn,10
Marlijne,10
Marlinde,10
Marloe,10
Marloeke,10
Marloes,10
Marlot,10
Marlotte,10
Marrigje,10
Marrije,10
Marrit,10
Marte,10
Marthe,10
Martijne,10
Martina,10
Martine,10
Martje,10
Marwa,10
Masja,10
Mathilde,10
Matilda,10
Matje,10
Mattanja,10
Maura,10
Maureen,10
Maurie,10
Mea,10
Mechelien,10
Mechi,10
Mechteld,10
Mechtild,10
Medina,10
Meeke,10
Meerel,10
Mees,10
Meggie,10
Meia,10
Meike,10
Meinke,10
Meis,10
Meisje,10
Melani,10
Melanie,10
Melek,10
Melina,10
Melisa,10
Melissa,10
Melline,10
Menna,10
Mensje,10
Meral,10
Merel,10
Merete,10
Merit,10
Merle,10
Merve,10
Metje,10
Mette,10
Mia,10
Michaela,10
Michelle,10
Miek,10
Mieke,10
Miep,10
Mies,10
Miesje,10
Mijke,10
Mijntje,10
Mijs,10
Mikkie,10
Mila,10
Milana,10
Milena,10
Milia,10
Millie,10
Mina,10
Minke,10
Mira,10
Miranka,10
Mirjam,10
Mirla,10
Mirna,10
Mirre,10
Mirte,10
Mirthe,10
Mitzi,10
Mo,10
Mona,10
Moniek,10
Montse,10
Moon,10
Muis,10
Nada,10
Nadia,10
Naijva,10
Nanda,10
Nanet,10
Naneth,10
Nanja,10
Nanna,10
Nanneke,10
Naouel,10
Nardie,10
Neel,10
Neele,10
Neeltje,10
Nel,10
Nele,10
Nelieke,10
Nelke,10
Nelleke,10
Nena,10
Nette,10
Nia,10
Nieke,10
Niena,10
Niene,10
Nienke,10
Nika,10
Nikie,10
Nikki,10
Nikkie,10
Nila,10
Nimfa,10
Nina,10
Nine,10
Ninette,10
Ninke,10
Nintske,10
Nisa,10
Nisrine,10
Nisse,10
Noa,10
Noah,10
Noalie,10
Noanne,10
Noep,10
Nola,10
Nomi,10
Nona,10
Noor,10
Noortje,10
Nora,10
Nore,10
Noreen,10
Norma,10
Nova,10
Novi,10
Nowi,10
Oda,10
Ode,10
Odelia,10
Odet,10
Odette,10
Odile,10
Odilia,10
Ofra,10
Olda,10
Oona,10
Otilia,10
Otte,10
Ottelien,10
Otteline,10
Ottoline,10
Oukje,10
Paarl,10
Pam,10
Pamela,10
Parel,10
Paris,10
Paula,10
Pauleen,10
Paulien,10
Paulies,10
Paulina,10
Pebble,10
Pehtra,10
Pemme,10
Pennie,10
Pepper,10
Persijn,10
Petronella,10
Phemi,10
Phileine,10
Philippa,10
Philomeen,10
Pia,10
Pieke,10
Pien,10
Pieneke,10
Pier,10
Pieta,10
Pieternel,10
Pietje,10
Pietronella,10
Pietsje,10
Pifel,10
Pink,10
Pip,10
Pippa,10
Pleun,10
Pleuni,10
Pleunie,10
Pleuntje,10
Plien,10
Plona,10
Pola,10
Polle,10
Puck,10
Puk,10
Rabia,10
Rachel,10
Rana,10
Rania,10
Raven,10
Ravza,10
Rebekka,10
Regen,10
Reina,10
Reitze,10
Rena,10
Renate,10
Renieke,10
Renisa,10
Rensina,10
Rensine,10
Renske,10
Resi,10
Reva,10
Reza,10
Ria,10
Rianne,10
Richela,10
Richelle,10
Richtje,10
Rie,10
Riek,10
Riekske,10
Riemke,10
Rieneke,10
Rienke,10
Rientje,10
Riet,10
Rietje,10
Rifka,10
Rika,10
Rimke,10
Rina,10
Rineke,10
Rini,10
Rinnertje,10
Rinske,10
Rita,10
Riva,10
River,10
Rivka,10
Robijn,10
Robin,10
Robine,10
Roelfke,10
Roelie,10
Roelien,10
Roelienke,10
Roelinde,10
Roeline,10
Rolien,10
Romaisa,10
Romaissa,10
Romee,10
Romi,10
Ronja,10
Roos,10
Roosje,10
Roosmarieke,10
Roosmarijn,10
Roosmijn,10
Rosa,10
Rosalie,10
Rosalien,10
Rosalijn,10
Rosalina,10
Rosalinda,10
Rosan,10
Rosanne,10
Rose,10
Roselien,10
Rosemarie,10
Rosemarije,10
Rosemarijn,10
Rosemijn,10
Rosie,10
Rudie,10
Rudis,10
Rut,10
Ruta,10
Ruth,10
Saar,10
Saartje,10
Sabien,10
Sabine,10
Sabrina,10
Sabrine,10
Sacha,10
Safa,10
Safae,10
Sahra,10
Sallie,10
Salma,10
Sam,10
Samantha,10
Sana,10
Sanae,10
Sanielle,10
Sanna,10
Sanne,10
Sanneke,10
Sannelien,10
Sannie,10
Sara,10
Sare,10
Sarien,10
Sarike,10
Sascha,10
Sasja,10
Saskia,10
Sasse,10
Savannah,10
Selah,10
Selena,10
Selin,10
Selina,10
Seline,10
Selma,10
Sem,10
Sena,10
Senna,10
Senne,10
Serena,10
Sevanja,10
Sheila,10
Shirin,10
Sibel,10
Sibelle,10
Sien,10
Sienna,10
Sientje,10
Sifra,10
Signe,10
Sigrid,10
Sija,10
Silke,10
Silvana,10
Silvi,10
Silvie,10
Silvijn,10
Simone,10
Simonetta,10
Sina,10
Siska,10
Siske,10
Sissi,10
Sita,10
Sjaukje,10
Sjoke,10
Sjoukje,10
Sjuul,10
Sjuulke,10
Snoes,10
Soete,10
Sofia,10
Sofie,10
Sofieke,10
Sofietje,10
Somer,10
Sonja,10
Soof,10
Sophia,10
Sophie,10
Sophieke,10
Stefanie,10
Steffie,10
Stella,10
Stephanie,10
Ster,10
Sterre,10
Steventje,10
Stien,10
Stientje,10
Stijnie,10
Stijntje,10
Sukke,10
Summer,10
Sun,10
Şura,10
Susan,10
Susanna,10
Susanne,10
Suus,10
Suusje,10
Svenja,10
Swaan,10
Swaantje,10
Swaentje,10
Tahnee,10
Tale,10
Talea,10
Talia,10
Talitha,10
Tamara,10
Tanja,10
Tanneke,10
Tara,10
Tess,10
Tessa,10
Tetske,10
Teunieke,10
Thea,10
Thenise,10
Theresia,10
Tia,10
Tialda,10
Tiara,10
Ties,10
Tieske,10
Tiki,10
Tilde,10
Timmi,10
Tina,10
Tine,10
Tineke,10
Tinie,10
Tinka,10
Tippi,10
Tirza,10
Tischka,10
Titia,10
Tjara,10
Tjarda,10
Tjitske,10
To,10
Toma,10
Tomika,10
Toos,10
Toosje,10
Trees,10
Treesje,10
Tresi,10
Trienke,10
Trijn,10
Trijntje,10
Trudel,10
Trudie,10
Trui,10
Truus,10
Tulp,10
Tunke,10
Tunna,10
Ubele,10
Udine,10
Ulla,10
Ursela,10
Ursina,10
Ursulina,10
Utske,10
Valerie,10
Vanesje,10
Vanessa,10
Veer,10
Veerle,10
Venne,10
Venus,10
Vera,10
Vere,10
Verena,10
Verita,10
Verle,10
Veroniek,10
Vesper,10
Victoria,10
Vida,10
Vienna,10
Vinnie,10
Viola,10
Viona,10
Vive,10
Vivi,10
Vlinder,10
Vonne,10
Vronie,10
Wanda,10
Waterjuffer,10
Weia,10
Weinanda,10
Welmoed,10
Welmoet,10
Wenche,10
Wencke,10
Wende,10
Wendela,10
Wendelien,10
Wenke,10
Wenthe,10
Wesselien,10
Wessellina,10
Wia,10
Wianne,10
Wibbrichje,10
Wibeke,10
Wica,10
Widia,10
Wiebke,10
Wiebske,10
Wieke,10
Wieneke,10
Wiep,10
Wies,10
Wiesje,10
Wieske,10
Wiet,10
Wieteke,10
Wietse,10
Wijnanda,10
Wilke,10
Willa,10
Willeke,10
Willemein,10
Willemieke,10
Willemien,10
Willemijn,10
Willemina,10
Wilma,10
Wilna,10
Wineke,10
Winnie,10
Wira,10
Wiska,10
Wobke,10
Wouke,10
Woukelien,10
Wren,10
Zanna,10
Zara,10
Zaza,10
Zazi,10
Zazie,10
Zela,10
Zeva,10
Zina,10
Zinzi,10
Zita,10
Zoe,10
Zofia,10
Zon,10
Zonne,10
Zophie,10
Zora,10
Zosha,10
Zotia,10
Zus,10
Zusa,10
Zuse,10
Zuzanna,10
Zwaan,10
Zwaantje,10
Zwanie,10
